Battle_Tag,Total_Wins,Top_role_0,role_wins_0,Top_role_1,role_wins_1,Top_role_2,role_wins_2,Top_role_3,role_wins_3
Morellio-1416,934,Support,424,Tank,435,Offense,41,Defense,34
Zinux-1251,85,Tank,12,Defense,26,Support,20,Offense,26
BluePillow-21338,542,Defense,283,Offense,188,Tank,47,Support,24
Miyuna-21516,62,Offense,15,Defense,25,Tank,22,,
Mood-21538,190,Defense,84,Offense,69,Support,35,Tank,3
Hunter18112-1984,420,Tank,140,Support,127,Defense,110,Offense,43
Yoda-22377,73,Tank,1,Offense,52,Defense,18,Support,2
Zugzug-1342,"1,148",Defense,372,Offense,384,Support,236,Tank,159
TimeToShine-21533,489,Offense,230,Defense,192,Support,51,Tank,15
Ne0x-2676,777,Offense,472,Defense,117,Support,86,Tank,96
Okay-11514,41,Tank,1,Offense,20,Defense,14,Support,5
Delta021-1534,777,Support,58,Tank,82,Defense,246,Offense,394
Nessi-11637,473,Tank,186,Support,179,Defense,58,Offense,50
FireAlpha-2225,630,Defense,110,Support,80,Offense,229,Tank,211
NateMaster-11517,52,Support,19,Tank,25,Offense,2,Defense,3
Varskull-2424,"1,058",Offense,322,Tank,317,Support,282,Defense,137
Cheloux-2153,681,Tank,332,Support,202,Defense,71,Offense,73
jackattack40-1398,843,Offense,298,Tank,216,Support,169,Defense,158
Legendary-14292,75,Tank,5,Defense,54,Support,10,Offense,6
Myth-12545,753,Support,239,Defense,155,Tank,31,Offense,331
Transversal-11549,162,Offense,72,Defense,45,Tank,39,Support,6
JCTheAllStar-1792,"1,225",Offense,579,Defense,264,Tank,188,Support,193
WODwarrior-1746,259,Tank,101,Support,77,Offense,53,Defense,28
Deathbed-1368,243,Defense,54,Support,21,Tank,61,Offense,109
Dudezo-1756,"1,251",Defense,209,Offense,264,Tank,301,Support,477
PinkWeasel-21707,50,Tank,34,Support,9,Defense,3,Offense,2
BalloonCake-1933,539,Tank,229,Offense,178,Support,106,Defense,25
Wotton-11398,164,Support,55,Offense,12,Defense,9,Tank,89
DocBGood-1806,891,Defense,614,Offense,158,Support,77,Tank,43
Cyr-2925,"1,703",Offense,63,Support,1008,Tank,492,Defense,140
chrome-12941,"1,273",Offense,661,Support,239,Defense,237,Tank,138
Kosmos-11882,71,Defense,22,Offense,6,Tank,2,Support,41
Ciezan-1665,141,Tank,87,Support,34,Offense,15,Defense,4
okkokk-1493,580,Support,86,Offense,251,Tank,135,Defense,108
CLLOYD006-1672,264,Defense,90,Tank,74,Offense,59,Support,41
Emixam-21653,255,Support,124,Tank,79,Defense,38,Offense,14
SORA-3954,806,Defense,288,Tank,174,Support,152,Offense,194
TricklyTrash-1993,83,Defense,13,Offense,35,Tank,17,Support,17
RAINBOW-31376,203,Defense,98,Offense,87,Support,11,Tank,6
Oskuxan-2477,815,Tank,49,Offense,523,Defense,173,Support,71
Lymulis-1262,540,Defense,116,Offense,228,Support,74,Tank,123
paladins-21183,39,Offense,12,Support,10,Tank,9,Defense,8
doodoonesbit-1512,781,Offense,428,Defense,113,Support,44,Tank,195
Threshish-1867,607,Offense,265,Tank,174,Defense,130,Support,37
Bajas-21522,891,Tank,174,Offense,197,Support,167,Defense,355
milksgonebad-1890,507,Support,34,Offense,347,Tank,70,Defense,56
Zasc-2467,319,Defense,121,Offense,83,Tank,72,Support,43
Glockoma-11768,283,Offense,89,Defense,31,Support,50,Tank,113
Ambientto-1436,311,Support,278,Tank,27,Defense,5,Offense,4
Teabagged-11596,199,Defense,52,Offense,104,Tank,37,Support,5
Talbotson-1651,708,Offense,69,Tank,104,Support,391,Defense,143
sora-32523,77,Support,8,Tank,24,Offense,31,Defense,12
SukZ-2483,291,Offense,189,Defense,64,Tank,26,Support,11
Spooky-12432,253,Defense,186,Tank,40,Offense,26,Support,1
Spirit-12621,"2,279",Tank,623,Offense,295,Defense,7,Support,1354
MemeDealer-11248,986,Offense,329,Defense,207,Tank,210,Support,241
CarlWheezer-11623,"1,089",Tank,364,Offense,326,Defense,263,Support,137
wK0BRAw-21394,912,Offense,380,Defense,221,Tank,161,Support,149
MilkMonsta-2693,71,Offense,44,Defense,14,Tank,6,Support,7
scootypooty-21864,94,Offense,49,Defense,30,Tank,13,Support,2
KingMaerko-2424,56,Support,45,Tank,9,Defense,1,Offense,1
DapperRosè-1905,61,Support,15,Defense,2,Offense,1,Tank,42
Lizzy-21415,155,Tank,52,Offense,70,Support,30,Defense,4
LiLFearless-2135,58,Offense,39,Support,5,Tank,8,Defense,6
DrYaT-11365,122,Offense,53,Support,15,Defense,29,Tank,24
Cation-21307,542,Defense,125,Support,103,Tank,158,Offense,155
asperin321-21386,124,Defense,31,Offense,38,Tank,27,Support,26
The64BitWolf-2644,550,Support,156,Offense,154,Defense,119,Tank,124
water-3459,107,Offense,45,Defense,35,Support,20,Tank,7
Floofmister-1203,164,Offense,35,Defense,34,Support,5,Tank,88
Aska-21320,"1,219",Offense,86,Defense,51,Tank,632,Support,448
Stumpsta-2683,0,,,,,,,,
Idoknow-1739,130,Offense,85,Defense,31,Support,8,Tank,5
Senile-11839,"1,100",Tank,388,Defense,247,Support,241,Offense,226
Mirishikiari-2387,662,Defense,57,Tank,62,Support,384,Offense,159
TEXXAAS-1623,92,Offense,55,Defense,19,Tank,15,Support,1
Byakko-21809,80,Offense,47,Tank,9,Defense,15,Support,10
shiva-2306,950,Defense,183,Offense,330,Support,226,Tank,210
Furious-21734,506,Defense,24,Support,223,Offense,122,Tank,136
brz-21414,196,Support,54,Offense,67,Defense,60,Tank,15
Dashper-2649,180,Tank,23,Support,17,Offense,86,Defense,53
Black-13166,165,Offense,60,Defense,45,Tank,36,Support,24
発情-1874,76,Offense,38,Defense,27,Support,12,Tank,1
SendNoodles-2546,199,Defense,63,Tank,32,Support,11,Offense,95
necatgod-2982,0,,,,,,,,
mesrine06-3342,"1,191",Tank,594,Support,410,Offense,98,Defense,88
Madshyre-2152,320,Offense,87,Support,100,Tank,86,Defense,49
Wisonton-2949,348,Offense,177,Tank,102,Support,46,Defense,25
superduper-11495,122,Support,32,Tank,7,Defense,2,Offense,81
Nayte-1332,"1,151",Defense,223,Support,238,Offense,203,Tank,487
BigBird69-11782,268,Offense,182,Defense,33,Tank,34,Support,16
믹키복국-3682,"1,208",Support,121,Offense,181,Tank,3,Defense,901
CelestialAri-1597,"1,419",Offense,53,Tank,568,Support,677,Defense,119
OuSsLeKiKoU-2594,426,Defense,165,Offense,133,Support,63,Tank,64
Adde58-21341,74,Support,14,Offense,29,Tank,19,Defense,11
Wïnter-1474,"2,378",Tank,441,Defense,300,Offense,240,Support,1396
EGG-2252,578,Support,320,Tank,154,Offense,60,Defense,44
CodeRed-11747,87,Defense,13,Offense,18,Tank,31,Support,24
Comex78-2455,55,Offense,46,Tank,4,Support,2,Defense,4
DAMN-31920,64,Offense,25,Support,10,Defense,20,Tank,8
EyeHunt-2806,159,Defense,36,Support,80,Offense,31,Tank,10
UrmaGurd-2700,403,Tank,192,Support,98,Offense,71,Defense,42
T3mp-11347,151,Defense,10,Tank,80,Offense,60,,
ShadowStorm-1157861,63,Offense,27,Tank,21,Support,8,Defense,6
JankoBahn-2788,135,Defense,22,Tank,26,Support,16,Offense,70
ZeroTwo-21952,204,Defense,72,Offense,55,Support,66,Tank,11
Elodin-2289,938,Support,493,Offense,246,Tank,162,Defense,36
Celestia-11345,751,Offense,161,Tank,130,Support,228,Defense,233
Final-11180,787,Offense,480,Defense,214,Tank,66,Support,27
Wolvez-11900,"1,101",Defense,297,Offense,445,Tank,220,Support,138
Duck-22365,990,Offense,76,Support,471,Tank,356,Defense,88
Had0u-2632,"2,569",Tank,1271,Defense,243,Offense,133,Support,922
mememeister-21825,388,Offense,242,Defense,107,Tank,25,Support,12
HappyPanda-11182,646,Offense,232,Support,126,Defense,146,Tank,142
TRACER-31344,510,Offense,342,Defense,150,Support,9,Tank,8
TheLegend27-21459,"1,530",Defense,218,Tank,246,Support,214,Offense,854
ThrowYatta-2929,570,Defense,453,Support,36,Tank,62,Offense,17
DerpSkittles-1829,265,Support,88,Offense,21,Defense,12,Tank,142
MEI-32127,172,Offense,99,Defense,50,Support,19,Tank,3
Lunchb0x-1462,913,Tank,592,Support,176,Offense,110,Defense,34
Sandra-22412,"1,362",Defense,316,Support,456,Tank,354,Offense,237
Darkness-25657,776,Support,163,Tank,163,Offense,291,Defense,159
m3rcury-21233,724,Defense,236,Support,275,Tank,92,Offense,120
Ryujehong-31413,676,Offense,327,Defense,247,Support,76,Tank,28
DK745-1422,"1,931",Tank,454,Offense,148,Defense,66,Support,1267
Lustboy-11588,124,Defense,35,Offense,53,Tank,29,Support,5
Neopolitan-21200,"1,186",Defense,304,Support,177,Offense,230,Tank,474
Assassin-32157,86,Offense,64,Defense,24,,,,
Sparklegem-2388,"2,513",Support,560,Defense,522,Tank,654,Offense,780
Failurebot-1568,524,Support,187,Offense,182,Tank,124,Defense,32
Selkcit-1116,49,Defense,25,Offense,13,Support,11,,
Tanker-31615,0,,,,,,,,
Undeadbanana-1110,737,Tank,218,Offense,218,Defense,185,Support,119
Addison-11956,192,Tank,21,Offense,98,Defense,56,Support,15
Hypnotic-11510,79,Offense,35,Support,18,Tank,15,Defense,11
kalicki-1812,82,Tank,53,Offense,15,Defense,5,Support,10
Kestrel-21340,863,Offense,368,Tank,238,Defense,233,Support,22
Olexiy-1856,"1,057",Offense,528,Defense,309,Tank,196,Support,23
Guts-21367,227,Support,73,Defense,49,Offense,53,Tank,52
MPRF12345-2372,814,Tank,103,Support,83,Offense,504,Defense,126
Turin-1313,"1,985",Tank,420,Defense,243,Offense,656,Support,667
MJHGenesis-1510,888,Tank,180,Offense,101,Support,453,Defense,154
ChoiJunhong-1789,937,Offense,381,Support,276,Defense,110,Tank,171
POPersia-2346,73,Tank,19,Support,11,Defense,20,Offense,22
BaitoBox-1187,440,Defense,158,Tank,40,Support,47,Offense,194
Luciana-11752,"2,407",Defense,340,Support,1158,Offense,487,Tank,421
Rod-1486,354,Support,46,Defense,92,Offense,144,Tank,73
jzono1-2984,240,Offense,156,Tank,45,Support,32,Defense,6
Strix-11834,467,Support,82,Tank,53,Defense,32,Offense,299
Taiga-21310,"1,163",Defense,333,Support,546,Offense,257,Tank,28
Eham-11702,363,Offense,355,Defense,6,Support,1,Tank,2
MaxyKang-1149,247,Offense,11,Support,195,Tank,27,Defense,14
Zyama-2709,"1,553",Tank,575,Defense,376,Support,460,Offense,141
nagha-2254,576,Defense,182,Offense,146,Tank,39,Support,209
Percival-12478,212,Offense,154,Defense,33,Tank,14,Support,9
facucu-2529,"1,009",Support,552,Tank,271,Defense,137,Offense,46
지존-32507,94,Tank,43,Offense,33,Support,8,Defense,8
Alex-114802,387,Tank,33,Defense,196,Offense,121,Support,37
Splashx-2930,"2,134",Support,897,Offense,532,Tank,485,Defense,218
Deku-21602,"1,561",Offense,776,Support,279,Defense,253,Tank,253
BLADE-31468,317,Offense,137,Tank,56,Defense,92,Support,33
Lettu-21638,63,Support,40,Defense,12,Tank,7,Offense,4
JonTanti-2411,"1,198",Support,368,Tank,453,Defense,175,Offense,204
BittahPupil-11197,861,Support,396,Offense,79,Defense,7,Tank,379
Hybr1D-3122,0,,,,,,,,
Jelygoll-2884,261,Offense,97,Defense,70,Support,74,Tank,19
Leviathan-13922,124,Support,3,Offense,55,Defense,56,Tank,8
Duellmite-1554,289,Offense,88,Support,41,Tank,13,Defense,146
painplusplus-1491,310,Tank,112,Defense,71,Offense,95,Support,30
Permafrost-21680,0,,,,,,,,
Gorilla-11376,102,Tank,54,Support,23,Offense,21,Defense,5
rad1m-2478,608,Offense,268,Defense,161,Support,91,Tank,86
Jwyn-11191,522,Offense,204,Defense,115,Tank,121,Support,79
NerfThis-11899,91,Offense,71,Defense,15,Tank,1,Support,2
JjUuxX-1529,140,Defense,23,Tank,74,Support,21,Offense,23
Bratwurst-21560,192,Offense,85,Tank,35,Support,17,Defense,55
simosaurus-11401,870,Offense,169,Defense,78,Support,384,Tank,239
Cloud-16673,182,Defense,40,Tank,39,Support,11,Offense,93
MissWayne-21406,767,Support,241,Offense,233,Defense,160,Tank,133
Headstrong-1611,902,Defense,215,Tank,270,Offense,166,Support,252
XyFy-21823,583,Offense,243,Defense,119,Support,90,Tank,132
Tatemin-1201,377,Offense,147,Support,127,Defense,75,Tank,30
Mercy-16652,961,Defense,282,Support,150,Tank,179,Offense,348
SheydDead-2133,103,Tank,43,Offense,21,Defense,31,Support,6
Raptor-24720,648,Defense,181,Tank,168,Offense,193,Support,106
K0NG-11647,109,Tank,72,Support,28,Offense,9,Defense,1
Dinohappy-2432,558,Defense,208,Offense,197,Tank,117,Support,36
Kecske-22536,369,Defense,98,Support,55,Tank,46,Offense,169
drippsy-2594,689,Offense,249,Defense,191,Tank,164,Support,85
R013X-1933,156,Defense,68,Offense,44,Tank,24,Support,20
Zinnia-11575,"1,044",Defense,122,Offense,61,Support,485,Tank,375
Nomik42-2562,497,Defense,171,Offense,201,Tank,76,Support,49
Thisguy-11808,99,Tank,20,Support,9,Defense,29,Offense,41
lick10-2396,341,Offense,125,Tank,99,Support,93,Defense,25
Daunted-21301,726,Support,331,Tank,227,Offense,127,Defense,42
HAGGAS-6678,821,Defense,205,Tank,136,Offense,250,Support,233
SeeMonkeys-1170,83,Tank,18,Offense,7,Support,26,Defense,30
W33SY-2187,224,Offense,100,Defense,52,Support,42,Tank,29
Shaddy-2715,"1,128",Offense,163,Tank,54,Defense,46,Support,864
rmaaaz-1625,624,Tank,115,Defense,168,Offense,210,Support,132
Lacuna-21325,876,Defense,316,Offense,375,Tank,87,Support,99
lillylindah-1859,"1,688",Defense,774,Support,444,Offense,231,Tank,239
tomerari-2783,331,Support,76,Tank,59,Offense,119,Defense,79
SmugLilac-1694,197,Defense,54,Support,38,Tank,32,Offense,74
Legend-3226,818,Defense,224,Support,62,Tank,38,Offense,496
Sty1z-2467,55,Offense,34,Defense,22,Tank,1,,
JuicyMelons-21284,91,Support,42,Tank,43,Offense,3,Defense,3
Lies-21395,295,Support,210,Tank,82,Offense,3,,
DizzyDwarf-214749,196,Support,37,Defense,62,Offense,77,Tank,20
unlocked-21304,484,Offense,213,Defense,124,Support,72,Tank,76
Donate-11679,507,Offense,152,Defense,153,Support,156,Tank,48
Magnus-23241,"2,882",Tank,290,Support,131,Defense,1171,Offense,1289
toughtguy-2248,669,Offense,484,Support,59,Defense,70,Tank,57
MEI-32129,160,Offense,79,Defense,43,Tank,19,Support,16
MERCYMAINBTW-2196,"1,664",Support,550,Offense,678,Tank,233,Defense,203
Foxtrot-12434,412,Offense,211,Defense,75,Tank,97,Support,28
Exorcist-11589,608,Tank,103,Defense,161,Offense,157,Support,186
Malfurion-22191,439,Defense,222,Offense,120,Support,67,Tank,32
Rivero-2955,190,Offense,113,Defense,43,Tank,24,Support,13
mrme09-1259,221,Tank,34,Offense,100,Defense,64,Support,23
BattleMercy-2821,343,Support,64,Defense,22,Offense,163,Tank,95
tehZevo-11946,"1,410",Support,838,Tank,451,Defense,76,Offense,46
Odexcily-1550,117,Offense,45,Tank,32,Defense,11,Support,28
Hades-13609,"2,234",Support,632,Tank,718,Defense,356,Offense,527
Arcturis-1931,643,Tank,286,Defense,219,Offense,87,Support,49
Thunder-14734,447,Support,139,Tank,220,Offense,59,Defense,27
LegendofJuli-1647,522,Offense,261,Tank,78,Defense,104,Support,80
Mahoostakai-2971,"1,309",Support,583,Tank,317,Offense,243,Defense,168
Inferno-13845,0,,,,,,,,
Silverbane-11320,279,Offense,169,Tank,38,Support,37,Defense,34
Myuex-11186,43,Support,21,Defense,14,Offense,6,Tank,2
비케이-31792,540,Defense,96,Offense,127,Tank,169,Support,149
Dirmethodes-1818,"1,178",Defense,174,Support,461,Tank,370,Offense,172
EJaycool-1635,371,Tank,21,Support,19,Defense,176,Offense,154
EFFECT-31691,423,Offense,294,Defense,71,Support,27,Tank,29
Miner7835-2924,"1,009",Defense,206,Tank,302,Support,210,Offense,293
Fendi-2462,522,Support,395,Offense,37,Tank,55,Defense,35
ali-26530,"1,005",Tank,164,Offense,525,Defense,190,Support,126
Black-24977,444,Tank,9,Defense,320,Support,67,Offense,47
BoomPlayz-1156,348,Defense,27,Offense,176,Support,97,Tank,46
lucas-26568,"2,537",Offense,1803,Defense,248,Tank,287,Support,199
Phantos-11117,74,Tank,37,Support,19,Offense,15,Defense,2
trace-12558,171,Defense,62,Offense,66,Tank,35,Support,7
Bomboncito-1959,"4,912",Defense,716,Offense,360,Support,2904,Tank,930
Goose-13750,"1,196",Support,458,Tank,394,Defense,229,Offense,113
Loukas420-2541,319,Support,99,Offense,86,Tank,72,Defense,60
EpicalHD-2996,128,Defense,65,Offense,47,Tank,11,Support,6
Dirty-11534,"1,843",Tank,315,Support,287,Offense,814,Defense,428
SirDisaster-21465,200,Offense,24,Defense,67,Support,70,Tank,37
AFlyingLlama-11896,833,Offense,396,Defense,266,Support,94,Tank,76
Doinks-11842,390,Tank,46,Offense,196,Defense,114,Support,33
Barcode-31600,82,Offense,49,Defense,13,Tank,12,Support,6
Chillie-1120,"1,992",Offense,160,Support,808,Tank,737,Defense,286
SADO-21380,106,Support,37,Defense,21,Offense,26,Tank,22
ImDirtyDan-11161,77,Defense,40,Offense,25,Tank,6,Support,6
Patlock-2438,967,Offense,173,Tank,369,Support,262,Defense,167
MrArTHuRuS-2585,151,Support,43,Defense,34,Offense,56,Tank,19
CalebAvRe-1734,163,Offense,103,Support,17,Tank,27,Defense,15
Darkdevs-11590,71,Support,1,Defense,21,Offense,42,Tank,6
Losik-21699,"4,540",Tank,1579,Support,1470,Offense,864,Defense,625
Mattewkon-2968,625,Defense,179,Support,184,Offense,161,Tank,102
mcpancho45-1532,"1,167",Support,85,Tank,78,Defense,487,Offense,518
Kenzo-22123,383,Defense,129,Tank,47,Support,27,Offense,179
B1ue-11666,358,Tank,176,Support,63,Offense,65,Defense,53
Imjustapie-1234,430,Support,328,Defense,40,Offense,37,Tank,23
Robo-11782,477,Offense,216,Tank,135,Support,85,Defense,41
Wulfe-21261,67,Defense,3,Support,35,Tank,28,Offense,2
AuraSp1ke-1666,"1,010",Tank,95,Offense,437,Defense,327,Support,153
Fr33H0NGK0NG-2476,482,Tank,188,Offense,114,Support,148,Defense,29
Alerion-2683,23,Support,2,Offense,8,Defense,9,Tank,4
Jay-25184,123,Support,74,Tank,19,Offense,23,Defense,7
BlackCat-22372,"1,647",Offense,1033,Tank,314,Support,234,Defense,69
PoetFox-11612,"3,135",Offense,555,Defense,207,Tank,1578,Support,797
TaFFo-2711,"2,618",Offense,2022,Defense,320,Support,140,Tank,135
GÜNTHER-11544,77,Tank,53,Support,14,Offense,4,Defense,4
JellyBean-12665,230,Support,175,Tank,46,Defense,8,Offense,1
Westsoup-2408,233,Defense,90,Support,79,Tank,34,Offense,29
Kirito564-11911,374,Offense,157,Defense,81,Tank,86,Support,51
Strayhat627-2850,68,Tank,48,Support,13,Offense,3,Defense,4
fabitooco-1320,790,Defense,536,Offense,154,Tank,58,Support,41
freakonat-1776,151,Tank,18,Support,16,Offense,75,Defense,45
TerraAntica-2374,953,Support,498,Offense,250,Tank,137,Defense,65
Vanorus-21733,54,Offense,23,Tank,18,Support,5,Defense,8
Xastron-2598,156,Tank,24,Support,14,Defense,94,Offense,25
Barneyy-1614,"2,282",Support,771,Tank,595,Offense,671,Defense,244
Veroable-1403,243,Defense,59,Tank,125,Support,50,Offense,8
SpaceCatt-2376,0,,,,,,,,
Cody-14187,102,Tank,48,Offense,22,Defense,15,Support,16
Bridek-21870,440,Offense,285,Defense,104,Support,22,Tank,28
WRAXU-3358,83,Defense,82,Offense,1,,,,
Sam-21632,"1,301",Defense,111,Tank,116,Offense,871,Support,204
Nick-27492,168,Offense,91,Defense,61,Tank,11,Support,5
Tsukki-11135,773,Defense,235,Offense,388,Tank,113,Support,40
Rickysaucey-2271,45,Tank,39,Offense,4,Defense,1,Support,1
alex-118505,73,Tank,29,Offense,40,Defense,4,,
MALMAL-1318,288,Support,157,Offense,57,Tank,43,Defense,34
lerohi-2541,915,Offense,539,Defense,263,Support,66,Tank,46
Lol-21258,"1,101",Support,333,Defense,342,Tank,237,Offense,188
MrRandomness-1621,"1,526",Defense,627,Tank,473,Offense,223,Support,204
China-12123,363,Support,69,Offense,167,Defense,41,Tank,87
EBaunsworth-1207,352,Offense,147,Tank,139,Defense,57,Support,9
GranyTsunade-1974,135,Defense,2,Support,120,Tank,13,,
MIKA-31332,921,Support,61,Offense,563,Defense,221,Tank,75
TorbsTickler-1997,346,Support,51,Tank,34,Defense,131,Offense,128
ARelaxedFish-1671,137,Offense,31,Support,10,Defense,62,Tank,31
neverLUCKY-11986,"2,043",Offense,1001,Support,431,Defense,363,Tank,249
ASHS-1640,"1,069",Offense,504,Defense,269,Tank,142,Support,154
Fastmedic-1820,533,Offense,268,Support,172,Defense,46,Tank,48
LapinouBisou-2450,236,Defense,91,Tank,63,Offense,61,Support,22
Ezaki-11234,115,Defense,18,Support,16,Tank,54,Offense,29
SnowShow-1531,479,Offense,341,Defense,112,Tank,21,Support,4
Phizz-21764,751,Support,281,Defense,138,Offense,175,Tank,157
Luriam-1757,425,Offense,115,Tank,142,Support,142,Defense,26
BudgetJJoNak-1267,239,Support,168,Tank,45,Defense,18,Offense,6
Trithon-2349,"1,100",Support,131,Defense,142,Tank,5,Offense,823
Bombaclaat-21366,78,Tank,21,Offense,20,Defense,19,Support,19
D3myx-1412,231,Tank,120,Support,102,Offense,6,Defense,1
Mod3rn-21548,406,Tank,34,Offense,177,Defense,122,Support,72
Dirtehy-1452,58,Tank,33,Defense,11,Offense,13,,
DangerNoodle-11799,53,Support,25,Offense,10,Tank,15,Defense,3
Ramen1529-2144,332,Support,179,Tank,72,Offense,47,Defense,34
Kilo-11742,173,Offense,85,Defense,27,Support,22,Tank,37
mei-12102,745,Offense,477,Defense,209,Tank,35,Support,25
MFWIN-11646,226,Defense,19,Tank,15,Offense,14,Support,179
Computer-1854,919,Tank,340,Offense,272,Defense,174,Support,133
BlueBunny-21128,114,Defense,36,Support,27,Offense,31,Tank,20
jobbers831-2511,64,Offense,6,Tank,1,Support,50,Defense,7
NENZOO-2145,"1,089",Offense,503,Tank,160,Support,74,Defense,353
Gijitamriko-2590,621,Defense,260,Offense,256,Support,72,Tank,34
Kathrin-2392,408,Tank,46,Defense,115,Support,141,Offense,104
Knastonaut-21658,355,Tank,117,Defense,157,Offense,35,Support,44
RaveLlama-11110,378,Offense,119,Tank,73,Defense,70,Support,116
YOLOSWAGFAM-1874,999,Defense,22,Support,448,Offense,298,Tank,230
JangoDoge-1225,410,Tank,83,Defense,91,Offense,155,Support,76
KobyKat-11549,294,Defense,95,Tank,91,Support,79,Offense,30
Mickey-2450,185,Defense,100,Offense,44,Tank,31,Support,9
Beh-21589,"1,054",Offense,530,Defense,357,Support,87,Tank,80
Stijatel-2535,32,Offense,21,Defense,5,Tank,2,Support,3
Jigen90-2942,810,Tank,201,Defense,242,Offense,208,Support,157
Qurqu-2454,269,Defense,90,Support,70,Offense,72,Tank,39
Psecthye-2819,653,Support,383,Tank,216,Defense,37,Offense,16
ryujehong-31885,292,Offense,146,Defense,68,Support,50,Tank,27
DocDwalin-2968,"2,719",Support,1321,Tank,1001,Defense,316,Offense,82
ZYHHHHHHHH-1726,968,Offense,521,Tank,203,Defense,130,Support,116
February-31976,"1,076",Offense,620,Defense,171,Support,150,Tank,136
Cirava-1657,855,Support,252,Defense,284,Offense,185,Tank,135
ven0m-21637,250,Offense,116,Tank,32,Defense,51,Support,51
CatDog-21377,495,Tank,205,Support,154,Offense,94,Defense,42
prettypistol-1251,691,Tank,350,Support,278,Offense,43,Defense,17
dang3r-11192,396,Offense,227,Defense,77,Support,52,Tank,39
deadmemesFTW-1311,268,Defense,46,Support,21,Tank,24,Offense,179
wittyuser-11133,0,,,,,,,,
KishibeRohan-2713,373,Defense,130,Support,13,Offense,139,Tank,90
SimleZ-21694,130,Tank,23,Defense,26,Offense,18,Support,64
WildPants-112576,"1,284",Support,600,Defense,350,Offense,276,Tank,60
Ghilo-21106,16,Tank,14,Support,1,Offense,1,,
TaraJade-11761,154,Support,54,Offense,54,Defense,39,Tank,8
Zebra-1768,584,Support,74,Tank,102,Offense,132,Defense,274
Annie-22931,152,Tank,40,Defense,31,Support,42,Offense,38
A7XViper-1268,827,Support,335,Tank,275,Offense,116,Defense,98
Vyxilinn-1258,194,Support,50,Defense,43,Offense,68,Tank,34
BrigYEETa-1794,241,Defense,43,Support,93,Tank,63,Offense,42
Ziggchiller-2424,250,Tank,62,Support,31,Offense,83,Defense,74
Dandroid-11783,132,Support,24,Defense,20,Tank,63,Offense,22
nkobra-21415,"3,404",Tank,1071,Defense,672,Support,948,Offense,712
Mystery-11546,541,Offense,418,Defense,93,Support,19,Tank,9
qDario-2638,181,Tank,49,Defense,26,Support,59,Offense,46
Skew-21416,232,Defense,48,Tank,68,Offense,75,Support,39
MagicPants-213321,205,Support,34,Offense,77,Defense,64,Tank,28
bambam-21776,20,Tank,2,Offense,12,Defense,5,,
toughVader-2645,267,Support,85,Offense,116,Tank,29,Defense,39
ViceRoyVenom-1631,"1,285",Defense,137,Tank,665,Support,340,Offense,143
Force-11161,"2,722",Support,1003,Tank,939,Offense,442,Defense,336
help-11416,404,Defense,118,Tank,35,Support,21,Offense,230
ryat-21630,621,Tank,249,Support,134,Defense,110,Offense,125
Godspeed-21277,421,Support,258,Defense,43,Tank,65,Offense,57
Akko-21686,524,Tank,184,Support,130,Offense,143,Defense,66
Karr-1165,633,Offense,44,Support,383,Tank,166,Defense,40
SpankAvocado-2720,"1,194",Offense,40,Defense,36,Support,740,Tank,381
ZackWarfare-1580,66,Defense,3,Tank,38,Support,9,Offense,17
TanteNichon-1437,173,Support,12,Offense,88,Defense,48,Tank,25
BigDaddy-22272,520,Defense,42,Tank,303,Support,134,Offense,43
PWCore-1267,436,Support,133,Tank,219,Defense,50,Offense,33
PCpla-2563,414,Tank,51,Support,29,Defense,200,Offense,134
BreakFast-11862,"1,122",Offense,398,Tank,179,Support,176,Defense,371
Aris-12538,69,Support,32,Defense,18,Offense,19,,
Argos-2977,698,Support,365,Tank,131,Defense,103,Offense,99
ChickenLil-11717,418,Offense,184,Defense,111,Support,81,Tank,41
Zesar-1793,278,Offense,89,Defense,91,Tank,50,Support,47
aidanheat-1766,242,Tank,22,Support,5,Offense,137,Defense,79
CoolFrog-2770,540,Offense,113,Support,90,Tank,226,Defense,112
Attacler-2292,111,Defense,60,Offense,41,Tank,7,Support,4
Moronlad-1949,"1,501",Tank,419,Offense,186,Support,634,Defense,262
Fade-12532,53,Tank,26,Offense,14,Defense,6,Support,8
Mei-31112,509,Defense,219,Offense,165,Support,75,Tank,51
Orionz-21692,789,Support,344,Defense,127,Tank,18,Offense,302
BrookerBear-1577,117,Tank,42,Defense,18,Support,53,Offense,6
Slan-31703,"1,256",Offense,543,Support,260,Tank,307,Defense,144
MortKz-2469,77,Offense,39,Defense,18,Tank,8,Support,11
ReaperHaven-1656,109,Tank,17,Offense,54,Defense,31,Support,7
Rice9701-1701,329,Support,36,Tank,27,Offense,180,Defense,84
Liltank-11690,86,Defense,5,Offense,9,Support,30,Tank,41
Prime-12564,449,Offense,234,Tank,89,Defense,70,Support,55
HigHstem-2101,286,Offense,80,Support,57,Defense,72,Tank,76
DoctorĀ-2695,"2,250",Offense,177,Defense,125,Tank,95,Support,1852
Pawzz-1116,"1,784",Support,422,Defense,342,Offense,271,Tank,747
sleep-21261,92,Defense,34,Tank,6,Support,3,Offense,49
darkm0de-2150,565,Support,176,Offense,172,Defense,130,Tank,88
Hengzzz-1197,"1,005",Tank,315,Support,461,Defense,147,Offense,82
Regalia-21518,710,Support,242,Tank,57,Offense,277,Defense,133
MIRO-31166,120,Offense,41,Tank,11,Support,33,Defense,34
LUCIO-31987,697,Offense,161,Support,328,Tank,128,Defense,80
Twitchy-1838,287,Offense,185,Defense,63,Tank,19,Support,17
Rovu-21231,285,Offense,69,Tank,75,Defense,82,Support,58
LaiRS-11800,752,Offense,97,Support,471,Tank,87,Defense,97
Faint-2788,387,Offense,135,Defense,119,Tank,94,Support,39
ǍŜPĦŶXƗȀ-2632,217,Support,72,Offense,71,Tank,43,Defense,32
Darkcyprus-1429,"2,681",Support,729,Offense,527,Defense,370,Tank,1051
YOURSELF-11433,191,Offense,98,Defense,46,Support,23,Tank,24
Zauced-1797,68,Offense,43,Defense,7,Tank,14,Support,3
TeMpt-11522,244,Defense,131,Offense,80,Support,17,Tank,15
DJhoDoc11-1784,70,Tank,20,Defense,3,Support,47,,
Bum-12306,126,Offense,40,Support,48,Tank,29,Defense,10
XNAL3MWX-2366,972,Offense,538,Defense,187,Tank,158,Support,90
Rheora-2331,"1,074",Defense,181,Support,236,Tank,359,Offense,299
Rickvdmeyyy-2782,400,Offense,48,Tank,220,Support,72,Defense,58
SgtSpeedy-2353,71,Offense,31,Tank,20,Defense,12,Support,6
AWOKENGOLDY-2144,60,Tank,59,Defense,1,,,,
SoftCorgi-2616,"1,078",Support,656,Tank,248,Defense,129,Offense,47
DudeBro-11870,"1,287",Offense,717,Defense,229,Tank,243,Support,99
Kenshin-12318,561,Support,66,Tank,70,Offense,347,Defense,76
boolin-11437,69,Defense,10,Support,14,Offense,8,Tank,36
HighHeals-11192,"1,126",Support,670,Tank,355,Offense,89,Defense,13
XTRON-11725,774,Offense,102,Defense,69,Tank,426,Support,174
BALE-31400,185,Tank,38,Support,19,Offense,79,Defense,48
FireWizard-11620,0,,,,,,,,
TerraWalker-11539,131,Support,114,Offense,4,Tank,8,Defense,5
Saltric-11623,113,Offense,55,Tank,26,Defense,25,Support,6
BlindBandit-21766,"1,372",Tank,490,Defense,212,Support,346,Offense,322
Crywing-2409,248,Offense,187,Tank,30,Support,23,Defense,9
nice-2335,"1,660",Tank,1262,Support,297,Defense,67,Offense,32
Burpyperpy-1371,198,Offense,68,Tank,16,Support,15,Defense,99
KnuckleBob-11435,538,Offense,143,Defense,105,Tank,53,Support,238
Macbeth-2664,"1,276",Tank,371,Defense,246,Support,83,Offense,573
Marow-11487,676,Defense,104,Tank,262,Support,182,Offense,129
Exils-2214,690,Tank,48,Offense,389,Support,164,Defense,91
Nimring-2534,"1,470",Tank,550,Support,363,Defense,280,Offense,274
Reed-21567,83,Tank,5,Defense,44,Offense,29,Support,5
QuavoSensei-1416,213,Offense,98,Tank,37,Support,7,Defense,71
KevTheKoala-1766,75,Offense,48,Defense,20,Support,7,,
Erasing-1370,170,Support,26,Offense,32,Tank,92,Defense,20
BanFly-2537,112,Tank,13,Support,9,Offense,56,Defense,33
Rammion-11475,"1,187",Support,599,Defense,216,Tank,198,Offense,176
Andrew-1661,902,Defense,262,Support,139,Offense,253,Tank,249
Brohimo-1895,501,Support,191,Defense,119,Tank,87,Offense,103
Upright-1216,442,Offense,233,Defense,131,Tank,46,Support,32
Monocratic-1249,730,Defense,419,Support,178,Offense,108,Tank,24
ICEWALK-11233,"1,223",Defense,584,Offense,601,Support,30,Tank,8
solidtrooper-1292,244,Offense,98,Support,52,Defense,41,Tank,52
Onni888-2754,230,Offense,89,Tank,75,Support,18,Defense,48
Howeezzy-1398,942,Support,224,Defense,190,Offense,271,Tank,258
JLSchofield-2567,566,Tank,523,Offense,35,Defense,2,Support,6
Soloblade-1768,567,Offense,223,Tank,152,Support,77,Defense,113
SaiNotPsy-2691,925,Defense,296,Support,228,Offense,267,Tank,133
shruja-1162,221,Tank,131,Support,46,Defense,22,Offense,23
swooby-11186,105,Defense,53,Tank,13,Support,4,Offense,33
PvP-11100,303,Defense,211,Tank,66,Offense,23,Support,3
Sushibob-1695,746,Defense,298,Tank,203,Offense,168,Support,78
GooseyGander-21904,"1,055",Support,433,Offense,261,Tank,196,Defense,166
Xire-2253,618,Support,276,Offense,110,Tank,195,Defense,35
Medicine-11700,287,Support,154,Offense,85,Tank,37,Defense,10
Kyle-16316,166,Offense,66,Tank,42,Defense,33,Support,25
Ongaar-1705,"1,181",Offense,520,Defense,234,Tank,236,Support,194
Umpa-21306,177,Support,46,Offense,35,Defense,33,Tank,64
WildWolf-224927,602,Offense,258,Tank,143,Defense,138,Support,63
SavageFilth-1934,77,Defense,47,Support,13,Offense,12,Tank,4
ThisAintBob-2283,"1,164",Tank,434,Offense,283,Defense,263,Support,183
MStranger-21833,"1,521",Offense,1099,Defense,165,Tank,74,Support,182
Quadril-1114,852,Support,370,Offense,208,Defense,147,Tank,127
Hacksign-11556,546,Tank,97,Support,65,Offense,259,Defense,127
Krisp-21202,245,Tank,131,Defense,57,Offense,33,Support,26
KastriTsan-2580,"1,034",Defense,335,Offense,326,Tank,254,Support,121
NoYou2-2394,60,Tank,28,Offense,24,Support,5,Defense,3
BabyRein-2689,258,Offense,30,Tank,110,Support,83,Defense,33
Dovahkitten-2379,"2,111",Offense,1273,Defense,373,Support,265,Tank,197
Flaboogle-1669,472,Defense,216,Offense,183,Support,52,Tank,21
BAZZAGAZZA-2518,"1,702",Defense,325,Tank,457,Support,526,Offense,397
CrazyShadow-21580,"1,275",Offense,658,Defense,333,Support,103,Tank,180
Evottoman-1134,774,Defense,144,Support,200,Tank,222,Offense,206
Syuro-2738,249,Defense,77,Tank,33,Support,73,Offense,65
JET-22833,"1,911",Offense,278,Support,876,Tank,554,Defense,204
FULLOFHELL-11300,"3,035",Tank,1280,Support,956,Offense,546,Defense,251
Mimic-11379,158,Defense,51,Offense,37,Tank,54,Support,15
Ninjabossbro-1642,"1,126",Offense,414,Defense,321,Tank,230,Support,159
PointLess-21593,130,Tank,31,Defense,11,Support,10,Offense,77
Spells38-2978,530,Tank,86,Support,56,Offense,265,Defense,122
TPPH-21540,338,Support,92,Offense,124,Defense,51,Tank,71
Zero-118558,119,Support,67,Offense,18,Defense,12,Tank,23
Connecting-11336,"2,796",Offense,1284,Defense,658,Support,537,Tank,318
DogOTronMK1-1154,"1,258",Offense,405,Support,459,Tank,274,Defense,120
TheProfessor-11474,72,Support,12,Tank,3,Defense,29,Offense,29
BlueJaguar-11253,"2,875",Tank,1383,Support,905,Defense,341,Offense,246
LordItachi-11656,380,Tank,161,Support,132,Offense,39,Defense,49
Tyche-11882,"2,840",Tank,713,Defense,498,Support,687,Offense,942
WozwalD-2881,87,Defense,39,Offense,28,Tank,17,,
GeiNeega-2635,438,Defense,137,Offense,123,Tank,80,Support,97
Sk1LL0-1164,779,Defense,212,Tank,218,Offense,182,Support,167
Rastical-1200,"1,912",Defense,701,Offense,739,Tank,270,Support,202
Thanatok-2314,522,Tank,151,Offense,143,Support,163,Defense,66
thegreatgila-1486,165,Tank,60,Defense,39,Offense,47,Support,16
WolfFangFist-11317,142,Offense,24,Defense,38,Tank,29,Support,52
Near-11421,715,Defense,66,Offense,90,Support,329,Tank,231
lIlVibeslIl-2939,0,,,,,,,,
Gucci-11308,226,Offense,168,Support,25,Tank,18,Defense,14
MooseMunch-11132,406,Defense,95,Offense,170,Support,75,Tank,66
CaRLeSGo-2550,63,Support,17,Offense,24,Defense,6,Tank,16
Geny-21909,144,Support,17,Offense,91,Defense,26,Tank,9
PurpleAster-1857,369,Offense,118,Tank,96,Support,52,Defense,102
Stacey-4483,6,Support,2,Offense,2,Tank,2,,
datboii86-1619,0,,,,,,,,
FrozenToilet-11872,535,Support,205,Tank,111,Offense,24,Defense,197
Shakti-1500,818,Offense,435,Defense,222,Tank,84,Support,75
wotwow-2734,120,Tank,35,Offense,39,Defense,34,Support,13
Autonomy-11175,334,Tank,26,Support,169,Defense,99,Offense,41
NeiLo-21125,154,Tank,4,Offense,104,Defense,40,Support,4
Horddus-1868,"1,195",Support,426,Tank,542,Offense,160,Defense,68
ReDo-11788,184,Defense,81,Offense,62,Support,25,Tank,19
MAIN-11280,48,Defense,12,Support,18,Offense,8,Tank,7
Lyreen-1122,657,Offense,298,Defense,183,Support,88,Tank,89
Billyfun4-1321,985,Support,107,Tank,289,Defense,308,Offense,281
BabySquib-1123,758,Offense,336,Support,186,Defense,128,Tank,110
MIRAGE-22984,39,Support,1,Offense,18,Defense,10,Tank,10
Sixowe-1740,"2,029",Tank,491,Defense,435,Support,514,Offense,587
Seekay-1489,443,Tank,111,Support,22,Offense,215,Defense,96
Eru-21826,259,Tank,26,Defense,79,Offense,120,Support,33
Kabiri-11597,236,Offense,143,Support,34,Tank,31,Defense,29
Dboy-11352,221,Tank,11,Defense,74,Offense,117,Support,18
IvanTheGr8-1559,114,Offense,27,Support,12,Defense,41,Tank,35
Jeydon-1346,"2,905",Support,1947,Defense,391,Tank,410,Offense,157
SchnellJunge-1559,0,,,,,,,,
WorldXI-3407,471,Defense,17,Support,284,Tank,133,Offense,36
CapsLock-12112,64,Tank,35,Support,24,Offense,7,,
Zork-21195,873,Tank,449,Defense,145,Support,186,Offense,90
iddomarks-2368,687,Defense,249,Offense,316,Support,70,Tank,51
Mobu-21513,"1,149",Offense,552,Defense,327,Support,139,Tank,134
BrittleBunch-1271,346,Offense,188,Tank,93,Support,50,Defense,14
Squilter-21876,130,Offense,57,Defense,31,Support,30,Tank,12
DaethChanter-1524,"1,165",Support,632,Defense,179,Tank,245,Offense,111
HanaSong-2556,521,Tank,338,Defense,58,Offense,76,Support,48
Ecoe-2680,829,Defense,166,Offense,240,Tank,247,Support,176
NoWay-21876,159,Support,12,Defense,61,Tank,43,Offense,41
Ranger-1165,"4,440",Defense,1109,Offense,1782,Tank,914,Support,634
Muse-4514,"1,405",Offense,871,Defense,330,Support,107,Tank,98
xXSailorXx-11709,415,Offense,64,Tank,47,Defense,242,Support,59
Lara-22267,329,Defense,44,Offense,44,Tank,102,Support,138
Fartdumpster-1478,359,Support,134,Tank,150,Defense,21,Offense,54
livwel-1854,302,Defense,104,Support,103,Offense,47,Tank,49
Sanhe-2694,565,Support,504,Tank,37,Offense,19,Defense,3
Menkai-2175,528,Tank,21,Defense,270,Support,156,Offense,78
Mau4mo-2456,61,Defense,45,Offense,16,,,,
DownrightDan-11465,709,Support,42,Defense,273,Offense,247,Tank,145
FoboJack-2227,407,Tank,327,Defense,30,Offense,42,Support,9
EvilSlayer-11705,795,Tank,193,Offense,234,Support,207,Defense,163
VIVI-11482,309,Offense,75,Defense,52,Tank,15,Support,165
Hexanoon-2318,387,Offense,176,Tank,92,Defense,78,Support,41
Craven-11727,116,Offense,78,Defense,16,Tank,16,Support,6
Ordy-11119,101,Tank,37,Offense,31,Support,16,Defense,15
Splin-2122,103,Offense,67,Defense,6,Tank,21,Support,9
Sketchy-11229,877,Offense,174,Defense,347,Support,216,Tank,140
COBALTEZ-1389,202,Defense,10,Tank,140,Support,28,Offense,23
Miryou-21933,189,Tank,13,Support,67,Defense,54,Offense,58
BitCoinBoi-2682,75,Defense,31,Offense,32,Support,6,Tank,8
Melibellule-2553,"1,452",Defense,252,Offense,313,Support,699,Tank,185
EmpTy-11632,109,Tank,22,Offense,46,Support,24,Defense,18
Natsu-14147,282,Support,77,Offense,122,Defense,52,Tank,29
babubabu-31473,147,Tank,24,Support,29,Defense,50,Offense,45
MrTzuo-1358,"1,340",Tank,171,Support,208,Defense,207,Offense,753
kcboy23-1186,108,Defense,3,Tank,89,Support,9,Offense,7
Maxwell-12692,306,Offense,174,Defense,77,Tank,39,Support,15
MamboNo5-11480,"1,410",Offense,36,Support,896,Tank,335,Defense,144
stixy-21729,121,Defense,58,Offense,47,Tank,7,Support,8
Silent-1581,675,Offense,274,Defense,164,Support,109,Tank,127
Aeropera-1980,276,Support,84,Defense,91,Tank,54,Offense,46
WhatTheFrog-21642,835,Offense,370,Tank,226,Defense,203,Support,34
GoldenEye-21416,"4,934",Tank,226,Defense,2701,Support,978,Offense,1029
LittleBuddy-11283,256,Offense,144,Defense,62,Tank,28,Support,21
mydadleftme-2459,167,Support,107,Tank,32,Offense,20,Defense,10
hxxd-11203,97,Offense,39,Tank,41,Support,12,Defense,5
Jenni-11920,"1,384",Defense,319,Support,437,Tank,255,Offense,374
Jarne-21900,466,Defense,135,Offense,192,Tank,72,Support,66
TAIWANLAMBO1-1193,560,Support,271,Offense,78,Tank,173,Defense,38
nevix-21602,65,Tank,23,Defense,12,Support,15,Offense,13
TrojkaGreen-2432,250,Support,92,Tank,99,Defense,36,Offense,20
Quaccz-2719,"1,365",Support,217,Tank,200,Offense,648,Defense,301
Cracked-11740,57,Offense,13,Tank,11,Support,4,Defense,29
False-1682,"1,172",Support,85,Tank,437,Offense,411,Defense,239
Brainafk-21917,187,Support,73,Offense,50,Defense,40,Tank,23
Choochooshoe-21412,75,Tank,12,Defense,11,Support,43,Offense,11
Kentai-21400,107,Offense,61,Defense,23,Support,10,Tank,12
SakeMadaMada-1579,"1,536",Tank,779,Support,371,Offense,270,Defense,115
Daru-1311,"2,147",Tank,808,Offense,589,Support,516,Defense,235
Jjenny-2675,"1,913",Support,290,Offense,356,Defense,790,Tank,480
white00007-1179,61,Tank,1,Defense,41,Support,6,Offense,13
NOPE-21194,380,Offense,105,Support,114,Tank,126,Defense,37
SLT4LYFE-1722,79,Defense,6,Support,18,Offense,40,Tank,16
Dropshock-11353,808,Defense,679,Offense,75,Tank,37,Support,18
PlatanoNegro-1454,514,Support,150,Offense,169,Tank,152,Defense,43
Thanoscar-1345,407,Tank,108,Support,181,Offense,67,Defense,51
BlitzBolt39-1709,"1,504",Tank,123,Offense,793,Defense,405,Support,182
Xelone-2260,425,Offense,201,Tank,56,Defense,101,Support,70
Joonamus-21248,100,Defense,11,Support,1,Tank,41,Offense,48
RoosterKaw-1133,407,Offense,126,Support,51,Defense,128,Tank,103
GVJ-11238,133,Support,24,Defense,15,Tank,2,Offense,92
water-12291,353,Offense,165,Defense,72,Support,52,Tank,65
Attorneysayn-1268,168,Offense,53,Tank,75,Defense,19,Support,22
Denma-3888,"1,898",Offense,719,Tank,460,Support,318,Defense,399
XAv-11580,322,Offense,186,Defense,81,Support,23,Tank,31
Lemur-11194,"1,014",Tank,380,Offense,310,Support,161,Defense,162
Eternity-22753,653,Tank,182,Defense,108,Support,168,Offense,195
Meijor-1953,791,Defense,290,Support,149,Offense,224,Tank,129
Housekeys-11698,373,Offense,146,Tank,92,Defense,45,Support,89
Citizen-11588,"2,745",Tank,1190,Support,988,Defense,329,Offense,236
Cersei-21739,57,Offense,6,Defense,17,Tank,21,Support,11
egirl-11282,14,Support,9,Tank,3,Offense,1,Defense,1
ObsonOP-1153,"1,043",Defense,190,Tank,154,Support,100,Offense,599
CROWN-11184,24,Defense,22,Offense,2,,,,
HowTall-1356,"1,234",Support,512,Tank,407,Defense,172,Offense,145
KENZO-32649,0,,,,,,,,
Ori-11426,"3,643",Defense,181,Offense,93,Support,2148,Tank,1220
STORROR-21841,325,Offense,276,Tank,28,Defense,13,Support,8
BL4DEoFSouL-1366,958,Offense,419,Defense,268,Support,157,Tank,114
pukefacecat-1647,475,Tank,183,Support,168,Offense,86,Defense,39
Siedhr-1250,522,Offense,279,Defense,76,Support,111,Tank,55
TechnoVkng23-1187,"4,027",Support,2045,Tank,1110,Offense,604,Defense,267
MonsteRacoon-2986,234,Tank,163,Support,58,Defense,6,Offense,7
DakuSeiko-2275,724,Offense,152,Defense,83,Tank,286,Support,202
Feline-1319,"1,058",Offense,497,Defense,200,Support,127,Tank,234
QuirkyTurtle-2995,597,Defense,137,Tank,85,Support,221,Offense,153
SeekNDstroy-21757,"1,910",Support,413,Offense,571,Tank,316,Defense,608
Har0ld-21943,468,Support,111,Tank,120,Offense,156,Defense,81
Nero-21827,930,Support,301,Defense,241,Offense,248,Tank,138
ReversI-11821,"1,040",Tank,522,Offense,262,Support,186,Defense,72
StarSwayer-1746,"4,702",Defense,867,Offense,2408,Tank,855,Support,569
Gorriona-21968,264,Offense,193,Defense,57,Tank,5,Support,8
dSell-11946,214,Offense,120,Defense,69,Support,17,Tank,8
LaCaym-2584,171,Support,119,Tank,27,Offense,20,Defense,4
MUSELK-21665,147,Offense,59,Defense,63,Tank,19,Support,8
Pahnda-1555,416,Offense,159,Defense,156,Support,50,Tank,54
REDRACER-3879,228,Tank,13,Offense,156,Defense,44,Support,16
Nemo-23611,367,Support,125,Tank,115,Defense,69,Offense,60
Doracin-2354,"1,087",Tank,63,Offense,599,Defense,326,Support,99
JetStorm-1982,154,Tank,33,Support,42,Offense,57,Defense,22
Reckter-1527,"1,154",Offense,553,Defense,352,Tank,128,Support,121
PvPtwitch-2991,592,Tank,141,Defense,189,Offense,247,Support,13
Morgulis-11567,598,Defense,250,Offense,166,Tank,100,Support,81
Kitty-24377,"1,133",Support,723,Tank,271,Defense,73,Offense,67
Maibee-2582,185,Defense,35,Offense,8,Tank,111,Support,30
Jiose-1121,"1,213",Offense,474,Tank,226,Support,163,Defense,349
Progn-1892,563,Support,219,Offense,145,Defense,118,Tank,78
Ischozar-2860,"1,036",Support,407,Defense,215,Tank,186,Offense,227
Mechromancer-21474,"2,000",Support,872,Tank,72,Defense,18,Offense,1037
Hima-21822,387,Offense,131,Tank,161,Support,81,Defense,14
Loserfruit-21779,471,Tank,113,Offense,99,Support,189,Defense,68
Ronsau2018-2444,113,Offense,49,Tank,57,Support,4,Defense,3
Penguin-22896,385,Defense,44,Tank,162,Support,144,Offense,35
Scarsy-1532,748,Defense,194,Offense,196,Tank,68,Support,290
FURY-31982,761,Offense,388,Tank,183,Defense,125,Support,65
Skyfighter64-21114,571,Defense,196,Tank,271,Support,85,Offense,20
Pakman-11739,"2,195",Support,487,Offense,1010,Defense,427,Tank,271
Poetz-1321,207,Tank,33,Offense,7,Defense,132,Support,36
AlphaXeno-1624,208,Offense,84,Defense,40,Support,15,Tank,68
Jungkookie-11889,98,Offense,35,Defense,40,Tank,19,Support,3
garyglitta-1231,203,Offense,60,Defense,40,Support,38,Tank,66
exe-11586,"4,694",Tank,2062,Offense,951,Defense,946,Support,733
Justin-17293,"1,206",Offense,877,Support,111,Defense,166,Tank,53
memecreator-2836,644,Defense,150,Tank,112,Offense,272,Support,111
RedGoose-11931,316,Offense,253,Defense,21,Tank,30,Support,11
TDN-11705,0,,,,,,,,
Davu-11798,188,Defense,62,Support,43,Offense,58,Tank,26
Shredda-2316,61,Tank,1,Support,3,Defense,50,Offense,6
AverageJoe-21875,145,Defense,43,Tank,41,Offense,32,Support,28
nadav1283-21665,177,Offense,76,Tank,59,Defense,35,Support,6
Silver-24519,151,Support,26,Tank,20,Defense,60,Offense,45
Collapse-11712,264,Support,23,Offense,145,Defense,65,Tank,32
Razse-21353,54,Offense,3,Defense,2,Tank,27,Support,22
Kimzo-11577,560,Offense,287,Support,94,Defense,98,Tank,80
Xeanix-21899,184,Defense,78,Offense,82,Tank,12,Support,11
DeleteBrig-1530,236,Offense,176,Defense,33,Support,18,Tank,9
DrAce-11521,"1,038",Defense,264,Support,215,Offense,254,Tank,303
Ogarius-21498,249,Offense,117,Defense,100,Tank,21,Support,12
scoreleyx-1755,"2,080",Support,1123,Defense,257,Offense,376,Tank,322
bmwmb1-1363,492,Offense,181,Defense,130,Tank,132,Support,48
MuffinMan-12434,123,Defense,108,Support,9,Offense,4,Tank,1
Rebelmif-2733,432,Defense,98,Tank,95,Support,71,Offense,168
FoddeR-1665,"1,244",Offense,717,Tank,334,Defense,88,Support,105
ZachZ-11421,119,Tank,29,Support,72,Offense,14,Defense,3
Pinoci-2504,56,Support,6,Tank,35,Defense,8,Offense,8
MiniNinja-234880,419,Tank,93,Support,30,Defense,151,Offense,147
SleepyBear-115623,261,Tank,105,Support,53,Defense,62,Offense,40
Fol-21649,763,Support,46,Offense,507,Defense,131,Tank,78
TrolliNolli-1689,242,Offense,126,Defense,66,Support,25,Tank,25
Atom4399-1687,670,Offense,291,Support,102,Tank,154,Defense,123
TwoStressed-2845,125,Offense,44,Tank,45,Defense,18,Support,20
Bech-11985,133,Offense,63,Tank,34,Defense,21,Support,15
데린이-3667,61,Defense,22,Offense,17,Support,14,Tank,7
Sassy-2166,"1,590",Defense,412,Support,586,Offense,391,Tank,202
Memb3r-2970,668,Support,324,Offense,193,Tank,48,Defense,104
Skomo-1566,266,Tank,114,Support,101,Defense,24,Offense,28
Aluken-11470,630,Offense,157,Tank,75,Support,108,Defense,288
JoeThe3-1875,538,Offense,230,Defense,143,Tank,114,Support,47
ImEdible-21436,"1,717",Support,1183,Offense,319,Tank,150,Defense,65
Aluudon-2974,124,Support,29,Defense,36,Offense,47,Tank,12
Glacen-2673,858,Support,244,Defense,182,Tank,181,Offense,253
ASUNA-31481,305,Offense,186,Defense,71,Tank,35,Support,12
Khoro-2844,"1,740",Offense,320,Tank,527,Defense,377,Support,518
Jenesis-11905,50,Support,37,Offense,9,Tank,5,,
Kitten-12431,531,Offense,45,Support,365,Tank,57,Defense,64
Bread-12643,168,Tank,9,Offense,70,Defense,68,Support,20
Viktor-1746,"1,220",Tank,467,Offense,362,Defense,259,Support,134
Snek-4505,9,Defense,1,Support,4,Offense,3,,
okay-11231,101,Defense,7,Tank,13,Support,4,Offense,78
Parkour-1173,244,Tank,123,Offense,56,Support,45,Defense,22
Hydrad-1872,176,Support,59,Offense,47,Tank,43,Defense,26
Vico-21884,"1,301",Support,673,Tank,323,Defense,146,Offense,157
Prodigy-12898,158,Offense,70,Defense,46,Support,26,Tank,15
kietai-2328,75,Offense,60,Support,7,Defense,3,Tank,5
Nessy-21104,124,Defense,44,Offense,37,Tank,33,Support,10
MoMo-14985,728,Offense,327,Defense,269,Support,60,Tank,71
Pipit-11269,139,Offense,93,Support,29,Tank,9,Defense,7
Banana-12229,426,Offense,129,Defense,105,Tank,109,Support,84
WinstonOp-2441,404,Tank,153,Offense,131,Defense,70,Support,51
Ramen-11185,55,Tank,23,Defense,15,Offense,14,Support,1
Gandalf-24268,836,Offense,559,Defense,200,Support,62,Tank,16
Ziscko-2913,475,Tank,204,Defense,79,Offense,114,Support,78
OverClocked-11409,502,Tank,150,Offense,78,Defense,166,Support,108
Dudumaffi-1144,344,Support,101,Offense,86,Tank,129,Defense,29
Complextro-1886,297,Support,81,Tank,120,Defense,42,Offense,51
Clev-21354,380,Tank,31,Defense,216,Offense,109,Support,22
BigBrother9-2875,782,Tank,21,Offense,554,Defense,106,Support,103
Greed-1955,279,Offense,136,Tank,55,Defense,60,Support,29
DeimosCZ-2149,157,Defense,51,Offense,84,Support,13,Tank,7
Flummox-11612,857,Tank,310,Offense,225,Defense,195,Support,129
Ozziv-2290,539,Defense,203,Offense,200,Support,82,Tank,54
unit-21611,79,Support,7,Offense,54,Defense,10,Tank,8
Zeno-21468,267,Offense,137,Defense,84,Support,37,Tank,13
Obi-21825,"2,094",Offense,1065,Defense,520,Support,331,Tank,177
memelord-11963,"1,044",Offense,683,Defense,279,Support,55,Tank,28
LauraRuby-2255,342,Offense,129,Defense,67,Support,112,Tank,36
Azazel-14428,493,Offense,272,Tank,90,Defense,76,Support,55
dliwehtotni-1458,"2,114",Offense,684,Defense,589,Support,505,Tank,339
SAYA-31470,35,Support,15,Offense,13,Tank,4,Defense,1
Zylex-11462,694,Offense,326,Defense,180,Tank,95,Support,92
Lunar-22338,73,Defense,28,Support,23,Offense,13,Tank,9
ItsnotLuck-11200,798,Defense,411,Offense,305,Tank,34,Support,47
EEkO-11568,37,Defense,16,Offense,14,Tank,5,Support,2
Destroyer12-21728,408,Offense,203,Support,71,Defense,56,Tank,78
Jaitoko-1530,767,Support,403,Tank,62,Defense,2,Offense,299
ardillon-11424,132,Support,38,Offense,36,Defense,32,Tank,26
Ace-16231,106,Defense,27,Offense,43,Support,21,Tank,16
Drizzle-11917,276,Offense,67,Tank,107,Support,90,Defense,12
nonmasri2-1748,0,,,,,,,,
Razubi-1298,"1,381",Defense,117,Support,714,Tank,256,Offense,296
Wildcard-11708,"1,715",Tank,1254,Offense,280,Defense,76,Support,106
Banshee-21157,134,Defense,56,Offense,33,Tank,27,Support,17
MAGA95REGION-2508,129,Defense,56,Offense,63,Tank,7,Support,1
C4osB-1944,"1,093",Offense,529,Defense,252,Support,157,Tank,153
depression-21975,65,Defense,10,Tank,11,Support,2,Offense,43
Shniper-1461,70,Tank,11,Offense,35,Defense,15,Support,8
Jaxs-11498,"1,393",Tank,721,Support,502,Defense,107,Offense,63
ares33-21668,"1,364",Tank,153,Defense,48,Support,918,Offense,247
EnvisioniZe-2713,"1,071",Defense,302,Offense,466,Tank,241,Support,63
woff-21927,553,Tank,171,Support,200,Offense,160,Defense,24
bigrigjoe-1594,"5,155",Defense,679,Support,2297,Tank,1271,Offense,906
Pandaa-21622,"1,661",Support,999,Tank,324,Offense,204,Defense,132
benD-2378,247,Defense,85,Tank,60,Support,34,Offense,70
duartrex-1490,658,Support,20,Tank,9,Offense,521,Defense,109
Haywire-11260,501,Offense,226,Support,131,Tank,88,Defense,54
HeyMarseille-1117,742,Tank,330,Offense,166,Defense,120,Support,124
ReformedGod-2152,0,,,,,,,,
vlad-212606,949,Offense,351,Support,121,Tank,97,Defense,381
toolbear-1169,765,Defense,224,Tank,162,Support,124,Offense,252
WhyYouSoCute-2382,"1,075",Offense,407,Tank,347,Defense,209,Support,114
Ray-12168,"2,617",Tank,729,Defense,573,Offense,217,Support,1101
QED-11757,315,Tank,46,Support,23,Defense,119,Offense,127
Smitty-1877,471,Tank,213,Support,177,Defense,61,Offense,21
WorstMercy-1881,96,Defense,27,Offense,34,Support,31,Tank,4
Hyyper-11561,102,Offense,56,Defense,25,Tank,12,Support,9
Sorrento-11595,"1,141",Tank,431,Defense,265,Offense,270,Support,172
QSE-21359,87,Support,55,Defense,14,Offense,12,Tank,5
ZeroHP-21706,32,Offense,1,Defense,2,Tank,26,Support,2
FreeCalories-1851,82,Tank,10,Support,16,Offense,24,Defense,32
Cheesus-21644,406,Support,130,Defense,98,Offense,88,Tank,90
BlizzardZx-1767,85,Offense,51,Defense,18,Support,10,Tank,5
やさしさ-11733,565,Defense,138,Tank,122,Offense,174,Support,134
owISfun-1774,121,Support,3,Tank,2,Defense,53,Offense,62
Saucey-11485,"3,448",Support,295,Offense,1883,Defense,811,Tank,458
Don-31182,173,Defense,47,Offense,70,Support,43,Tank,13
DeNisSL-2287,"5,227",Tank,1657,Offense,752,Defense,1452,Support,1364
Astro-21386,"1,700",Tank,425,Offense,537,Defense,216,Support,520
CapnFletch-1819,"1,599",Offense,536,Support,129,Defense,63,Tank,872
Mouse-22443,264,Offense,114,Support,77,Defense,56,Tank,17
L4ZY-21372,"2,169",Tank,785,Offense,600,Defense,549,Support,236
JoTheBro88-1378,663,Offense,372,Defense,136,Tank,90,Support,67
PEAKE-11180,309,Tank,42,Defense,16,Offense,195,Support,55
Stampy-11519,391,Defense,4,Support,215,Tank,156,Offense,15
Dinkiwhirl-2421,69,Support,29,Tank,12,Defense,13,Offense,14
mangydawg-2979,806,Tank,258,Support,232,Defense,215,Offense,102
NEZUKO-11967,71,Offense,32,Tank,28,Support,11,Defense,1
ReformedGod-2281,0,,,,,,,,
PinoColada-1651,112,Defense,54,Offense,31,Tank,15,Support,13
Dokuro-21489,64,Tank,39,Defense,22,Offense,3,,
MasterOogway-21710,49,Tank,41,Defense,7,,,,
Eugene-3519,710,Defense,86,Offense,371,Tank,139,Support,111
Kai-21821,"2,024",Defense,874,Offense,709,Tank,180,Support,261
GucciJeans-1773,634,Offense,334,Tank,131,Defense,124,Support,44
Dawningdevil-2468,"1,757",Offense,239,Defense,285,Support,639,Tank,592
Wako-21977,878,Offense,478,Defense,203,Tank,145,Support,55
Alucard-16245,195,Offense,95,Defense,41,Support,40,Tank,18
Allylove133-1394,"2,582",Defense,272,Support,1663,Offense,394,Tank,255
JonSnuw-1266,"1,980",Support,484,Defense,465,Tank,338,Offense,695
DoomSlayer-21961,414,Offense,340,Tank,52,Defense,11,Support,12
CULTure-11416,103,Offense,29,Defense,6,Support,11,Tank,57
TweakingHard-1946,"1,973",Offense,794,Tank,442,Defense,371,Support,366
Eagalus-2860,435,Offense,160,Defense,110,Tank,96,Support,68
QWERTY-12292,139,Support,2,Offense,110,Defense,23,Tank,1
Sk8terCat-2406,78,Offense,22,Defense,18,Tank,20,Support,17
ACCURACY-21898,84,Offense,55,Defense,10,Support,11,Tank,8
WHYUMAD-21985,88,Offense,53,Tank,14,Defense,12,Support,9
dogs-11791,777,Offense,286,Support,335,Tank,98,Defense,58
ȄdwaȐd-2214,"1,431",Offense,435,Defense,336,Support,350,Tank,310
Ronin-12127,"1,373",Offense,792,Defense,271,Support,156,Tank,156
Frosty-24730,236,Support,141,Defense,28,Offense,34,Tank,33
despacito-1961,774,Support,138,Offense,207,Tank,296,Defense,134
ScubaSteve-11311,168,Offense,86,Defense,59,Support,10,Tank,13
toumi7-2805,"1,348",Offense,631,Defense,334,Support,346,Tank,39
Humid-11108,52,Offense,24,Tank,25,Defense,5,,
Kyuso-21706,"3,658",Support,1009,Defense,622,Offense,1188,Tank,840
CoolScoots-1233,"2,815",Defense,102,Support,1767,Offense,439,Tank,509
jlau-11883,247,Support,76,Offense,54,Defense,55,Tank,60
김재원-31744,328,Defense,128,Tank,30,Support,9,Offense,162
kasp122-2524,229,Offense,110,Defense,52,Tank,50,Support,17
ветчина-21787,51,Tank,37,Offense,9,Defense,6,,
sunnyd-11552,789,Tank,98,Support,31,Defense,372,Offense,289
SAGE-12110,"2,127",Support,961,Tank,604,Offense,450,Defense,110
FUNTASTIC-21295,19,Tank,13,Support,6,,,,
sciz4point0-1926,"1,088",Offense,698,Defense,265,Support,67,Tank,58
yup-11417,267,Defense,98,Offense,89,Support,34,Tank,48
peepo-11100,824,Offense,324,Tank,329,Defense,119,Support,51
Zedee-1348,773,Tank,318,Offense,265,Defense,127,Support,61
wristbump-1734,140,Tank,46,Support,43,Offense,25,Defense,24
Pexidus-2264,764,Tank,280,Offense,223,Support,119,Defense,139
FuzionVizion-1695,371,Defense,118,Tank,94,Offense,131,Support,27
hoppin-11390,495,Support,38,Offense,300,Tank,103,Defense,53
GreenThyme-1155,"2,145",Support,1265,Tank,318,Offense,205,Defense,357
blink-12164,"1,007",Support,58,Offense,594,Tank,236,Defense,116
Luvkip-1249,"1,009",Defense,335,Offense,354,Support,155,Tank,165
PƐNNY4URTHOT-1808,511,Offense,2,Support,438,Tank,62,Defense,10
Excavy-1857,336,Offense,119,Tank,89,Support,25,Defense,103
Vash-12369,84,Tank,5,Support,1,Offense,59,Defense,16
McLovin-1812,488,Offense,266,Defense,123,Tank,48,Support,48
TheUberMiko-2464,313,Support,222,Tank,58,Offense,19,Defense,14
WRECKINKRU2K-2778,"3,667",Tank,1712,Offense,603,Defense,619,Support,732
Joker-211207,"1,668",Tank,461,Defense,161,Offense,679,Support,370
Frewiel-2308,66,Defense,30,Support,10,Offense,17,Tank,6
Vexua-2492,458,Offense,294,Defense,121,Tank,21,Support,22
Hus-11365,978,Offense,465,Defense,235,Support,150,Tank,130
Liek-11404,778,Tank,86,Defense,191,Offense,261,Support,240
Nucl3ar-11416,99,Offense,9,Support,2,Tank,81,Defense,7
AvAtAr-22131,902,Support,224,Offense,235,Defense,276,Tank,166
ĬŗǿŋĄȋđŝ-2464,83,Defense,48,Offense,23,Tank,7,Support,7
retnuh-11327,162,Support,13,Defense,51,Offense,72,Tank,24
WarriorGuigo-2359,211,Defense,69,Tank,13,Support,13,Offense,115
Horchata-11570,81,Tank,24,Defense,5,Support,32,Offense,19
PrinceCats-1135,"1,100",Tank,678,Offense,241,Defense,85,Support,97
Greatestguy-11358,158,Offense,24,Defense,19,Tank,1,Support,114
zhaipaa-2922,"1,731",Tank,377,Support,282,Offense,691,Defense,380
Bezpalivo-2209,767,Offense,339,Defense,169,Support,131,Tank,126
Peittomies-2105,"7,493",Offense,1412,Support,2016,Defense,383,Tank,3680
Streamer-11791,82,Offense,61,Defense,12,Support,6,Tank,2
Neskimo-11678,347,Tank,133,Offense,98,Support,79,Defense,37
Khry-11982,"1,198",Tank,170,Defense,405,Offense,433,Support,192
Mahizzta-2162,195,Offense,119,Defense,66,Support,9,Tank,4
Tanner-12656,359,Offense,197,Support,61,Defense,69,Tank,34
BoneCrusher9-11987,316,Defense,131,Offense,149,Tank,25,Support,13
R3M1X-21356,"1,461",Defense,536,Support,346,Offense,415,Tank,164
zYKK-21235,570,Offense,310,Support,131,Defense,76,Tank,53
Agonius-1335,"2,100",Defense,508,Tank,360,Support,91,Offense,1143
Lum-11478,68,Support,10,Defense,14,Offense,35,Tank,9
Monjin-21534,"1,128",Offense,872,Support,148,Tank,64,Defense,44
Forestfire-21268,906,Offense,343,Defense,177,Tank,255,Support,130
Chadddd-11396,300,Offense,252,Defense,24,Tank,14,Support,8
bananademon1-11357,319,Offense,166,Defense,85,Support,29,Tank,40
Tsukuyomi-11135,64,Support,28,Tank,27,Offense,9,,
OBEY-22200,0,,,,,,,,
Anto-11103,983,Offense,623,Defense,152,Support,107,Tank,102
momiwantcake-1219,291,Tank,132,Defense,63,Support,63,Offense,33
Epzz-2588,688,Defense,84,Tank,24,Offense,423,Support,157
TYRQ-11199,"1,927",Offense,976,Defense,412,Tank,275,Support,266
sucrax-2464,165,Offense,52,Tank,12,Defense,60,Support,43
MKL-21123,393,Defense,62,Support,15,Offense,237,Tank,77
QueenB-21343,164,Support,5,Offense,82,Tank,70,Defense,8
BigShatter-21801,134,Defense,134,,,,,,
NaCly-11321,167,Defense,9,Offense,69,Tank,75,Support,15
Vos-3414,63,Defense,30,Offense,22,Tank,6,Support,6
HOP-11496,77,Offense,49,Defense,17,Support,9,Tank,2
Tortelloni-1411,636,Support,365,Defense,163,Offense,93,Tank,16
Skalbürg-2362,941,Offense,443,Defense,216,Tank,165,Support,119
Shimada-21859,367,Offense,181,Defense,106,Support,66,Tank,16
Stíle-2351,253,Offense,113,Tank,94,Defense,25,Support,21
Clementine-21857,63,Tank,9,Support,3,Offense,47,Defense,4
QuickShot-1778,357,Offense,133,Tank,66,Defense,100,Support,57
Enhancement-11916,74,Tank,13,Support,21,Offense,24,Defense,15
David-13149,637,Offense,332,Tank,128,Defense,118,Support,60
Searchy-1112,905,Support,266,Tank,71,Defense,274,Offense,294
Hyung-11409,245,Offense,158,Support,49,Defense,18,Tank,19
riseuplights-1198,"2,362",Offense,1111,Defense,649,Support,306,Tank,297
SmashMouth-11969,143,Offense,85,Support,31,Defense,18,Tank,8
Akimata-1165,208,Defense,75,Offense,64,Tank,30,Support,40
MrPuremoney-1245,562,Defense,145,Support,104,Tank,74,Offense,239
RutgersChad-1289,87,Offense,20,Defense,5,Support,47,Tank,15
Shinobi-12796,612,Offense,288,Support,154,Defense,75,Tank,96
Continuum-11768,"2,791",Tank,869,Offense,1161,Support,462,Defense,300
Dman-12112,876,Offense,326,Support,251,Defense,190,Tank,108
Jofi-21627,440,Support,252,Offense,88,Defense,51,Tank,48
KungFuCarl-11371,71,Tank,20,Support,22,Defense,10,Offense,21
Powerz-21660,761,Offense,352,Defense,168,Tank,167,Support,74
POISOŊǃ-2409,271,Offense,204,Defense,36,Tank,19,Support,13
UPE-31577,164,Defense,75,Offense,82,Tank,5,,
Seedro-11845,497,Support,32,Defense,110,Offense,190,Tank,161
Laclima-1248,48,Defense,23,Offense,18,Support,4,Tank,2
ENDLESS-21578,452,Defense,91,Offense,209,Tank,130,Support,21
Henners-2887,105,Offense,47,Defense,25,Support,23,Tank,12
Pehmil-2821,453,Defense,159,Support,62,Tank,22,Offense,209
iFuw-2161,330,Defense,149,Offense,158,Support,16,Tank,9
Kell-11975,"1,471",Offense,888,Defense,221,Tank,291,Support,71
Dunzo-11263,663,Tank,300,Offense,230,Defense,84,Support,46
Thyme-11683,117,Support,19,Tank,16,Defense,9,Offense,70
Luu-12105,"1,393",Offense,966,Defense,310,Tank,81,Support,37
NoAimNoBrain-2446,"1,771",Defense,886,Offense,454,Support,248,Tank,182
Vyolent-11698,73,Defense,25,Support,14,Offense,24,Tank,10
ǂŜǞĿŦMȊŊƐŜǂ-2258,85,Offense,40,Support,22,Tank,22,Defense,2
hush-31139,96,Offense,55,Defense,33,Tank,5,Support,2
Spades-1244,337,Offense,223,Defense,34,Tank,49,Support,32
Ridder-21198,103,Offense,81,Defense,15,Tank,6,,
빵피스트-3996,497,Offense,396,Defense,27,Support,36,Tank,36
Vex-12287,69,Defense,19,Offense,26,Tank,16,Support,9
Ēsketit-1977,85,Defense,21,Tank,16,Support,1,Offense,48
OkaZaKi-11245,57,Tank,3,Defense,28,Offense,22,Support,3
MediL-21398,"2,158",Offense,1008,Tank,305,Support,119,Defense,727
귀신룡-31977,201,Support,9,Offense,147,Defense,27,Tank,18
Ele-21518,323,Defense,96,Support,77,Offense,99,Tank,50
LuckyTiger-126517,357,Tank,28,Support,25,Offense,215,Defense,88
Apple-22765,"1,720",Support,845,Tank,422,Defense,247,Offense,207
kitsuka-21926,86,Support,46,Defense,16,Offense,20,Tank,3
DaddyJeff-1332,134,Offense,89,Defense,30,Support,8,Tank,8
GamingFlame-11795,317,Offense,219,Defense,77,Tank,12,Support,9
who-11628,216,Support,31,Tank,5,Offense,119,Defense,61
Ole-22815,161,Support,49,Tank,14,Defense,16,Offense,83
izAvenge-1883,"2,880",Offense,1026,Tank,953,Defense,439,Support,464
MightySnake-21282,112,Defense,44,Offense,56,Support,10,Tank,2
Boo-12918,114,Offense,46,Defense,26,Support,33,Tank,9
JANNEKATAJA-2451,58,Defense,31,Offense,24,Tank,3,,
Darkartas-21273,615,Offense,318,Support,85,Defense,108,Tank,103
XH3dxSh0tX-1701,115,Offense,77,Defense,20,Support,11,Tank,6
Brandini-2346,"2,963",Offense,1279,Defense,853,Tank,482,Support,345
P0ndaa-2203,818,Support,483,Tank,89,Offense,144,Defense,103
Leum-11234,324,Offense,192,Defense,92,Support,25,Tank,15
MONKEYnBOY91-2963,552,Support,89,Tank,79,Offense,258,Defense,125
BudgetML7-1985,56,Offense,44,Defense,9,Support,4,,
KHaaLiD-21188,526,Offense,280,Defense,125,Tank,82,Support,39
ABZZ5755c-1573,1,Support,1,,,,,,
Joe-16928,396,Tank,19,Defense,151,Offense,162,Support,67
Leiðinlegur-2172,75,Defense,40,Offense,33,Tank,1,,
IZgerTe1-1428,"1,099",Offense,216,Defense,111,Support,222,Tank,549
EcHo-12739,"1,148",Offense,628,Support,206,Defense,182,Tank,133
Specs-11360,180,Offense,99,Defense,39,Tank,22,Support,19
MOONLIGHT-23356,59,Offense,29,Defense,17,Support,8,Tank,4
sweetz0r-2457,61,Tank,4,Defense,25,Support,20,Offense,12
ForSure-11879,106,Defense,41,Offense,53,Tank,7,Support,6
Avacyn-11969,"1,384",Tank,405,Offense,252,Defense,236,Support,490
austin-14255,388,Offense,179,Support,40,Tank,37,Defense,133
Tuckerrz-2116,210,Support,41,Offense,78,Tank,45,Defense,45
Shortypops-2640,"1,436",Offense,377,Tank,298,Defense,129,Support,630
Torby-21810,756,Offense,409,Defense,155,Tank,144,Support,47
ALKAID17-1102,"1,393",Offense,562,Support,305,Tank,329,Defense,199
Riz-21260,"6,257",Tank,936,Support,447,Offense,4048,Defense,826
Dino-12114,324,Offense,134,Support,72,Defense,68,Tank,49
Silenz-1460,440,Tank,163,Defense,39,Support,21,Offense,219
Spatula-11993,"1,467",Defense,433,Tank,139,Support,104,Offense,792
Rady-2531,"7,125",Tank,324,Offense,320,Defense,4976,Support,1506
ǱǊǱǊǱǊǱǊǱǊǱǊ-1262,36,Offense,23,Tank,1,Support,4,Defense,6
Calm-11526,94,Offense,53,Tank,15,Defense,19,Support,7
xiveN-21868,124,Offense,48,Defense,56,Support,6,Tank,13
Yimitra-1976,217,Offense,126,Defense,37,Support,36,Tank,17
Dashy-11525,805,Tank,541,Support,108,Offense,96,Defense,61
Mage-11849,71,Defense,8,Offense,1,Support,60,,
sab-21959,974,Tank,183,Support,239,Defense,242,Offense,310
Dafran-21715,35,Offense,16,Support,3,Tank,8,Defense,7
Skiesti-1721,"2,437",Tank,102,Support,1890,Offense,279,Defense,166
RuloRulzZ-1174,"1,236",Offense,709,Defense,303,Support,98,Tank,127
ĐunKZ-1617,316,Offense,162,Tank,106,Defense,33,Support,13
Tarty-21198,296,Defense,108,Tank,52,Offense,105,Support,33
ECKSDEE-21196,220,Tank,69,Offense,96,Defense,37,Support,14
Polly-21263,458,Defense,167,Tank,56,Support,34,Offense,201
Erki-21753,227,Offense,132,Defense,61,Support,21,Tank,13
OstrichLover-21684,111,Defense,49,Offense,59,Support,3,Tank,1
Rely-31672,0,,,,,,,,
nani-11773,99,Support,30,Offense,32,Defense,26,Tank,12
Kallari-1951,218,Defense,73,Offense,90,Tank,39,Support,16
Virral-11431,384,Defense,185,Tank,106,Offense,56,Support,35
OneHugeLoad-2537,79,Defense,45,Support,14,Offense,14,Tank,4
Ǵodarra-2431,"1,881",Offense,1188,Defense,326,Tank,175,Support,192
Mob-11100,58,Defense,28,Offense,20,Tank,6,Support,3
Neon-12513,493,Support,11,Tank,3,Defense,140,Offense,339
Üdderly-1679,"1,610",Support,126,Tank,173,Offense,844,Defense,466
CQB-4606,"1,307",Offense,777,Defense,283,Support,137,Tank,110
ChoccyMilk-2185,944,Offense,215,Tank,32,Defense,408,Support,288
Ball-21102,81,Tank,81,,,,,,
Closer-31493,771,Offense,191,Tank,297,Support,184,Defense,99
Poko-2195,"1,007",Defense,366,Offense,296,Tank,255,Support,90
markkiller57-1372,370,Offense,209,Tank,82,Defense,42,Support,37
Anxiety-21111,81,Offense,37,Defense,17,Tank,20,Support,6
Chubz-21363,105,Offense,49,Defense,46,Tank,6,Support,4
Frenchy-12312,222,Defense,112,Tank,37,Offense,62,Support,12
mL10-21445,67,Support,29,Defense,17,Offense,21,,
EXPLORER-21395,702,Offense,269,Tank,283,Defense,83,Support,69
Harbleu-11647,73,Support,10,Offense,29,Defense,24,Tank,9
Stadium-11131,"1,171",Tank,516,Offense,317,Support,188,Defense,149
Skairipa-2655,622,Defense,255,Support,200,Offense,126,Tank,43
prinkle-1644,"1,554",Support,558,Defense,219,Offense,364,Tank,414
EgZo-21136,133,Defense,59,Offense,39,Tank,26,Support,6
Night-12943,637,Defense,189,Tank,43,Support,15,Offense,392
Skyver-11497,"1,397",Support,656,Tank,341,Defense,249,Offense,152
Dove-11103,268,Support,16,Tank,23,Offense,139,Defense,91
hakkee-2443,663,Defense,109,Support,89,Tank,68,Offense,397
rhysk-11357,"2,877",Offense,1888,Defense,563,Tank,190,Support,236
Draven-2477,945,Offense,419,Defense,281,Tank,141,Support,104
simpleFnK-2122,113,Offense,86,Defense,14,Tank,6,Support,5
TheTattooDad-1345,708,Tank,523,Support,134,Offense,31,Defense,18
Aspen-11749,"1,704",Support,644,Defense,422,Offense,464,Tank,174
Cookie084-2224,763,Defense,510,Offense,210,Support,24,Tank,21
누구세요-31779,"1,678",Tank,226,Support,124,Offense,1142,Defense,186
SoSucre-2795,"3,930",Tank,2688,Offense,569,Defense,527,Support,147
Abbs-2788,340,Offense,121,Support,62,Tank,68,Defense,88
Churro-11840,404,Support,54,Defense,52,Tank,210,Offense,90
Crispy-11531,66,Support,18,Defense,15,Tank,24,Offense,8
Bimbz-2859,861,Offense,622,Tank,82,Defense,97,Support,61
Azzo-21112,68,Support,33,Offense,18,Tank,12,Defense,5
K10-11719,265,Defense,79,Support,29,Offense,106,Tank,50
JohnSinan-2266,569,Offense,232,Defense,150,Tank,116,Support,73
Pummy-11925,132,Offense,69,Tank,34,Defense,23,Support,7
HPG-21896,91,Tank,54,Defense,17,Support,11,Offense,11
Loio-21787,"1,100",Defense,129,Support,399,Offense,334,Tank,239
DEATHKILLER4-21655,79,Defense,24,Offense,37,Support,7,Tank,10
Awzey-2956,153,Offense,96,Defense,31,Support,17,Tank,6
PenguinNinja-21773,835,Defense,228,Offense,316,Support,243,Tank,48
Vlaism-1429,69,Offense,40,Defense,26,Support,1,,
CyberSnip-1619,61,Offense,38,Tank,18,Defense,5,Support,1
ILILIILILI-4922,541,Tank,92,Support,21,Offense,310,Defense,118
YumStaleBred-1544,85,Defense,47,Offense,25,Support,11,Tank,2
lolztehtroll-11205,318,Offense,213,Defense,50,Support,28,Tank,27
Alias-11142,136,Support,8,Offense,58,Defense,33,Tank,35
Wub-11371,989,Offense,616,Defense,193,Support,101,Tank,80
Love-15178,470,Defense,182,Offense,149,Tank,105,Support,35
neil-12513,511,Offense,229,Tank,159,Defense,88,Support,34
DarTheDerp-21147,54,Offense,38,Defense,14,Tank,1,,
hunimana-2893,"1,336",Tank,272,Support,157,Offense,619,Defense,286
ZaffyPoo-1655,60,Support,60,,,,,,
Royal-21621,"3,334",Defense,2771,Offense,398,Support,150,Tank,14
NANO-22293,49,Offense,28,Defense,13,Tank,7,Support,3
Jolly-21138,216,Offense,148,Defense,27,Tank,32,Support,8
Symmetroll-2434,"1,580",Defense,369,Support,635,Offense,377,Tank,200
neris-21448,"1,848",Offense,1032,Defense,507,Support,202,Tank,105
Sam-112374,529,Offense,358,Defense,92,Tank,42,Support,39
woo-11769,307,Defense,105,Support,58,Offense,99,Tank,46
ONETAPMAN-11914,208,Tank,8,Offense,124,Support,48,Defense,27
æøåæøåæøåæøå-1697,125,Offense,49,Support,29,Tank,19,Defense,27
Euan-21673,528,Defense,110,Tank,131,Support,68,Offense,221
LateYoung-4770,81,Tank,18,Defense,8,Offense,42,Support,11
TsuNà-2555,"1,121",Tank,506,Defense,179,Support,103,Offense,333
FRANA-11639,328,Support,130,Defense,60,Tank,91,Offense,48
Daco-11404,716,Support,67,Tank,54,Offense,469,Defense,125
zakiir-21850,547,Tank,95,Support,45,Defense,194,Offense,214
Merz-2601,881,Offense,498,Defense,221,Tank,112,Support,48
Jswinbu-2428,652,Defense,155,Tank,195,Support,38,Offense,262
Jacobfinn123-2754,0,,,,,,,,
Escape-22941,78,Defense,26,Offense,28,Support,15,Tank,8
Banks-11810,"3,714",Defense,1377,Offense,935,Support,1030,Tank,372
JSugarPapa-1291,148,Offense,84,Defense,46,Tank,11,Support,6
ShRedLock-11258,"1,468",Offense,516,Support,417,Tank,430,Defense,105
Dank-11478,371,Offense,187,Tank,108,Defense,38,Support,35
moursi-2870,"1,011",Tank,207,Defense,266,Support,90,Offense,446
Kekbondi-2563,269,Tank,108,Offense,100,Defense,37,Support,22
SPICE-11214,488,Offense,367,Tank,88,Defense,17,Support,17
M3WS-2412,289,Support,55,Defense,29,Tank,71,Offense,131
HyP-2791,294,Offense,221,Defense,26,Support,27,Tank,20
Forgiving-1127,165,Support,45,Defense,36,Tank,30,Offense,54
SugarFree-11755,"2,355",Support,224,Offense,1218,Defense,562,Tank,349
kraandop-2574,"1,154",Tank,128,Support,77,Defense,492,Offense,459
Kioz0m-1455,668,Defense,168,Offense,165,Support,141,Tank,195
ManGoJai-4164,248,Offense,78,Tank,22,Support,15,Defense,135
rCk-21798,209,Support,15,Defense,60,Offense,117,Tank,16
Frostedd-11796,144,Support,9,Offense,88,Defense,22,Tank,25
Linnou-2165,"1,052",Support,94,Offense,550,Defense,229,Tank,177
Lime-21162,583,Support,209,Tank,156,Offense,150,Defense,68
rapel-31377,567,Offense,335,Defense,134,Support,59,Tank,37
Hybrid-22605,578,Offense,326,Defense,121,Tank,103,Support,29
ColourHex-11764,"2,645",Defense,747,Tank,356,Support,104,Offense,1443
Trispear-2233,"1,493",Offense,869,Defense,277,Tank,213,Support,134
WHO-31724,236,Defense,68,Support,100,Tank,36,Offense,33
Mozser-1605,196,Defense,94,Offense,63,Support,24,Tank,13
Silvoc-1460,845,Offense,531,Defense,182,Support,80,Tank,52
Glacial-11248,341,Offense,129,Tank,111,Defense,80,Support,21
TrapLock-1176,"1,156",Defense,569,Tank,308,Offense,240,Support,40
emongg-11180,229,Support,45,Tank,22,Defense,55,Offense,106
Masaa-1182,573,Offense,239,Tank,114,Support,103,Defense,117
FthisSiMoUt-1832,107,Defense,25,Support,46,Offense,29,Tank,8
Mac-13388,"1,555",Tank,858,Offense,310,Support,278,Defense,112
Dalphan-11159,"1,835",Tank,299,Support,184,Offense,842,Defense,513
Twinkle-1642,149,Defense,79,Support,26,Offense,29,Tank,15
Alw122001-1653,146,Tank,23,Support,4,Defense,63,Offense,55
Nin-11379,"2,209",Offense,967,Defense,663,Tank,436,Support,145
yeahright-11802,"1,294",Defense,459,Offense,727,Tank,62,Support,47
abicdefg-1472,487,Support,136,Tank,56,Offense,96,Defense,197
Oxitide-1991,716,Offense,448,Defense,179,Tank,66,Support,21
Goshaaz-1390,240,Defense,76,Offense,117,Support,24,Tank,22
SlowYoRole-1952,110,Offense,54,Support,7,Defense,49,,
Borium-11707,"1,419",Support,135,Defense,110,Offense,968,Tank,204
MrTime-11341,"3,038",Defense,638,Support,613,Offense,1272,Tank,516
Nytsura-1147,735,Tank,116,Defense,200,Support,194,Offense,227
AWM-11299,53,Offense,23,Support,1,Defense,28,,
garenop-1991,471,Offense,221,Tank,170,Support,32,Defense,49
Prime-22270,"3,505",Support,296,Tank,276,Offense,2401,Defense,531
BigMouth-11974,73,Tank,33,Defense,16,Offense,18,Support,5
Abtin-11716,50,Offense,38,Tank,7,Defense,3,Support,1
ｓｈｕｎｎｅｄ！-1159,70,Tank,58,Defense,11,Offense,1,,
MEEKINS-11575,176,Offense,100,Defense,34,Support,26,Tank,14
camboyo-1939,"1,993",Defense,326,Offense,931,Support,429,Tank,306
EZKATKA-21661,41,Offense,34,Defense,7,Support,1,,
KariV-31768,642,Defense,139,Support,60,Tank,84,Offense,360
jack22-11757,445,Defense,134,Tank,48,Support,25,Offense,237
Shuh-21910,"1,328",Offense,879,Defense,107,Tank,199,Support,145
Shadowburn-11600,74,Offense,44,Defense,21,Support,5,Tank,3
Naga-22790,329,Support,40,Offense,156,Defense,99,Tank,35
JinMu-4322,56,Offense,29,Defense,21,Support,3,Tank,2
skies-21116,211,Offense,160,Defense,48,Support,2,Tank,2
freNoc-1537,"1,168",Offense,287,Defense,304,Tank,189,Support,387
Ronix-2613,498,Offense,272,Defense,161,Support,40,Tank,24
Leaf-2425,755,Offense,478,Tank,123,Defense,102,Support,51
POGCHAMP-3112,992,Tank,72,Support,563,Offense,265,Defense,92
Zbrbr-2214,535,Tank,102,Offense,147,Defense,156,Support,131
Yoshio-2798,"5,811",Tank,936,Offense,380,Defense,187,Support,4308
EchoFlex-1763,"1,176",Support,146,Tank,221,Offense,591,Defense,219
Fusions-2559,"1,025",Offense,523,Defense,230,Tank,170,Support,103
cykosys-11948,128,Offense,105,Defense,18,Support,2,Tank,2
Exode-11535,752,Offense,244,Defense,94,Tank,64,Support,350
SupaSoldier-21953,82,Support,81,Offense,1,,,,
Miro-31858,609,Tank,507,Offense,48,Support,41,Defense,12
칼합당왜놀러씨-3271,0,,,,,,,,
Lab-11706,"1,440",Defense,612,Offense,577,Support,93,Tank,157
Forgiven-11111,82,Support,35,Defense,16,Tank,15,Offense,16
Zerggy-21777,302,Defense,118,Offense,141,Tank,19,Support,24
Horthic-21496,506,Defense,169,Offense,226,Tank,55,Support,57
Zeerocious-1305,582,Defense,304,Tank,96,Offense,134,Support,47
FunnyAstro-2570,894,Offense,413,Support,216,Tank,107,Defense,157
GAO-11884,"2,327",Tank,822,Offense,887,Defense,348,Support,270
Huge-21901,815,Defense,175,Support,42,Tank,37,Offense,564
TrySoft-2918,125,Offense,31,Defense,27,Support,32,Tank,34
Revdar-2674,"2,149",Offense,1129,Defense,335,Support,287,Tank,398
Frayu1600-2528,"3,806",Tank,732,Support,632,Offense,1695,Defense,745
Momo-16829,226,Tank,13,Defense,75,Offense,125,Support,16
raxiz-11663,"3,734",Defense,186,Offense,2000,Support,731,Tank,817
Swimmer-11324,"1,408",Tank,126,Support,644,Offense,485,Defense,152
Haksal-31524,148,Tank,19,Defense,19,Support,4,Offense,106
Feezdog-2760,352,Offense,228,Defense,77,Support,29,Tank,14
mL12-21728,69,Offense,25,Tank,21,Support,12,Defense,12
TOPDRAGON-31753,76,Defense,25,Offense,35,Support,12,Tank,4
cyx-11780,810,Defense,267,Tank,246,Offense,233,Support,64
mL13-21613,62,Support,15,Offense,22,Tank,15,Defense,8
Phi-21670,"2,293",Support,201,Defense,673,Offense,1162,Tank,256
Wayfast-2745,"1,355",Offense,661,Defense,301,Tank,229,Support,163
SFX-21301,471,Support,292,Offense,111,Defense,61,Tank,7
lhcloudy-2273,547,Tank,236,Defense,134,Offense,119,Support,58
Edinn-21302,265,Offense,175,Defense,73,Tank,9,Support,6
DanneddOTP-2745,29,Tank,11,Offense,11,Defense,3,Support,3
Rady2-2634,"1,137",Defense,955,Support,109,Tank,53,Offense,18
Geguri-31531,"1,591",Defense,218,Support,135,Tank,873,Offense,367
JIQIREN-4852,66,Offense,25,Tank,27,Defense,5,Support,9
Nobunaga-11187,0,,,,,,,,
LVLZ-31366,156,Offense,49,Defense,14,Tank,23,Support,73
PrimeSubAqua-1247,138,Defense,57,Offense,45,Support,17,Tank,16
SirMajed-2498,277,Offense,166,Support,62,Defense,35,Tank,18
Koo-21961,0,,,,,,,,
GiG-11252,55,Offense,5,Support,4,Defense,3,Tank,42
DSPSTANKY-2587,103,Support,76,Defense,13,Offense,13,Tank,1
mL9-21337,65,Offense,32,Support,16,Defense,11,Tank,7
Sensotix-2687,307,Tank,105,Defense,42,Support,16,Offense,143
nohearu-1272,78,Support,27,Defense,18,Tank,25,Offense,6
Yythgim-2569,24,Tank,1,Defense,1,Support,18,Offense,3
Luux-21470,"1,166",Offense,467,Tank,183,Support,27,Defense,487
Supreme-12229,93,Offense,50,Defense,17,Support,15,Tank,9
Clowd-21153,236,Offense,147,Defense,67,Tank,17,Support,6
Switch-12852,433,Defense,180,Offense,175,Support,69,Tank,9
yuno-4746,343,Tank,69,Defense,42,Support,29,Offense,203
JarJarDinks-11623,663,Offense,316,Tank,123,Support,116,Defense,107
Jerry-13256,112,Defense,24,Offense,35,Support,13,Tank,38
Bark-11441,69,Support,30,Offense,29,Defense,7,Tank,5
Akawa-11298,"1,517",Offense,768,Defense,313,Tank,299,Support,140
Regalia-11271,710,Tank,148,Support,185,Offense,223,Defense,155
Adam-15528,826,Defense,142,Tank,153,Support,113,Offense,417
KSAA-21785,"1,083",Offense,340,Defense,208,Support,157,Tank,377
Trill-11167,"2,350",Offense,1406,Defense,577,Tank,243,Support,123
ZWEE-11779,57,Offense,35,Support,2,Defense,19,,
Asking-21723,296,Offense,170,Defense,66,Tank,35,Support,26
Paintbrush-11497,241,Support,118,Defense,39,Tank,31,Offense,53
MBW-11383,427,Offense,170,Support,105,Defense,152,,
Molf1g-2494,397,Offense,254,Defense,49,Tank,68,Support,28
Ricky-22536,343,Offense,127,Defense,163,Support,31,Tank,22
HOTBA-31330,106,Offense,61,Defense,25,Support,11,Tank,8
nice2hookyou-2689,97,Tank,21,Offense,43,Defense,15,Support,13
Cohesion-11962,226,Support,11,Defense,98,Offense,104,Tank,15
UnFunnyAstro-2744,83,Tank,13,Offense,51,Defense,17,,
Mauffin-1119,79,Offense,11,Defense,35,Support,23,Tank,10
Decod-2801,"1,814",Offense,1166,Tank,203,Defense,357,Support,85
lucer-2360,216,Tank,27,Offense,131,Defense,39,Support,19
MagicienDose-2263,101,Offense,52,Defense,36,Tank,8,Support,3
Meuffin-1603,69,Defense,20,Support,17,Tank,20,Offense,11
Hadi-21642,"1,806",Tank,864,Support,371,Offense,410,Defense,161
Ojee-11919,"2,504",Support,1254,Offense,628,Defense,346,Tank,272
빡겜유저이재곤-3108,93,Tank,12,Offense,38,Defense,20,Support,20
Arrge-2411,71,Offense,29,Defense,14,Tank,4,Support,23
Shade-22309,601,Support,33,Offense,364,Defense,134,Tank,70
rugob-21283,35,Offense,21,Support,6,Defense,6,Tank,3
DIMITRI-11493,68,Defense,24,Offense,22,Tank,8,Support,12
SZNS-1369,80,Tank,63,Offense,9,Defense,8,Support,1
Yeatle-1465,"1,245",Support,137,Defense,234,Tank,439,Offense,433
lucerr-2628,61,Offense,28,Support,20,Defense,9,Tank,4
dpei-11666,56,Defense,24,Support,20,Offense,11,Tank,1
LexiBurdell-1899,431,Tank,107,Offense,78,Support,66,Defense,182
Brutal-11558,69,Defense,10,Tank,7,Offense,42,Support,9
F4zE-3714,718,Offense,437,Defense,173,Support,54,Tank,55
Hawk-1368,"1,408",Offense,76,Support,432,Defense,294,Tank,606
WinterWalker-1854,93,Offense,59,Tank,28,Defense,3,Support,2
Cloneman19-1524,154,Offense,74,Tank,41,Defense,27,Support,12
elmuskrat-1595,417,Support,131,Offense,121,Defense,52,Tank,113
caatabatic-1843,162,Support,76,Tank,45,Defense,21,Offense,19
sorceN-21753,87,Offense,85,,,,,,
fogibear-1924,358,Defense,74,Offense,29,Tank,23,Support,229
Dewwek-1670,109,Defense,55,Offense,39,Support,8,Tank,6
Verfos-2606,160,Tank,17,Defense,68,Offense,47,Support,30
SwaggyTurtle-11677,290,Tank,27,Offense,111,Defense,94,Support,60
Chopper-11745,"1,938",Offense,1215,Defense,560,Tank,111,Support,53
LINFFF-2369,"1,344",Support,136,Offense,843,Tank,192,Defense,173
Leum-11363,324,Defense,92,Support,25,Tank,15,Offense,192
Hcpeful-1766,348,Tank,15,Support,23,Offense,237,Defense,75
Logic-21473,"5,542",Tank,269,Defense,1447,Offense,3588,Support,239
Jaden-21198,201,Defense,133,Offense,61,Tank,4,Support,3
Adnar-2844,406,Tank,101,Defense,29,Offense,126,Support,151
Minato-22155,685,Defense,245,Support,204,Tank,106,Offense,129
BLAD3R-3163,168,Defense,47,Offense,69,Tank,35,Support,18
Figo-21422,43,Tank,43,,,,,,
Devilswill-1483,70,Offense,26,Defense,11,Support,21,Tank,12
ChipSa-21440,69,Defense,9,Tank,3,Support,1,Offense,55
Jason-23312,767,Support,360,Offense,181,Tank,116,Defense,108
Alw-11752,59,Tank,27,Support,1,Offense,20,Defense,8
Piglet-2819,"1,239",Tank,55,Offense,953,Support,131,Defense,101
FKQ-2839,164,Tank,3,Offense,107,Defense,45,Support,6
NeverMore-12817,387,Support,197,Offense,83,Defense,31,Tank,76
Blinky-11629,412,Offense,66,Tank,26,Defense,33,Support,284
Benn-1724,"1,255",Defense,469,Offense,646,Tank,102,Support,37
McLeo-21950,"1,135",Tank,164,Support,75,Offense,697,Defense,202
Blu-12624,106,Defense,69,Offense,34,Tank,1,Support,1
Sycaplayer-2555,0,,,,,,,,
CNMNE-11431,171,Support,31,Defense,23,Tank,20,Offense,95
Rene-22616,"1,498",Offense,474,Defense,463,Tank,303,Support,258
KCTHICC-1200,101,Offense,43,Support,31,Tank,22,Defense,4
halfdead-11154,263,Tank,15,Defense,13,Support,217,Offense,17
ddx-11435,876,Defense,147,Support,281,Tank,247,Offense,201
Forsen-21274,35,Offense,19,Support,6,Defense,3,Tank,6
BCrowness-21760,278,Defense,61,Tank,79,Support,25,Offense,113
CUCUBAU-1726,13,Offense,11,Defense,2,,,,
Avenue-11746,401,Defense,64,Support,80,Tank,75,Offense,181
Aeko-11301,272,Offense,198,Defense,38,Tank,24,Support,10
Helv-21725,280,Offense,113,Tank,92,Defense,49,Support,25
Sodipops-2892,"10,811",Tank,6025,Defense,1645,Offense,2151,Support,993
Sobek-21603,470,Support,60,Tank,75,Offense,215,Defense,119
Insomniaq-1945,"1,118",Tank,137,Support,170,Defense,92,Offense,719
BatmanNova-11435,101,Offense,91,Tank,2,Defense,6,Support,2
Endure-21949,91,Defense,4,Tank,3,Support,62,Offense,21
Wozwald-2624,0,,,,,,,,
MiniVale-2463,"2,238",Tank,296,Support,206,Offense,1102,Defense,633
Aequuce-2241,"1,362",Offense,522,Defense,298,Tank,330,Support,216
LittleFlame-2818,"2,085",Offense,1033,Defense,689,Tank,217,Support,145
Azee-2333,400,Offense,247,Defense,126,Tank,13,Support,15
ChiLongQua-11756,190,Defense,12,Offense,133,Tank,31,Support,14
carpe-31483,76,Support,10,Tank,8,Defense,16,Offense,42
Casiopaya-21838,"2,696",Offense,376,Tank,321,Defense,265,Support,1733
Art-23858,326,Offense,221,Defense,92,Support,4,Tank,8
DrMartens-21254,0,,,,,,,,
YexelA-21706,56,Tank,14,Offense,27,Support,7,Defense,6
Selrak-11151,554,Tank,241,Offense,122,Defense,99,Support,91
cherryflower-11549,100,Offense,71,Support,20,Tank,3,Defense,7
Jinggg-11793,"3,256",Support,593,Tank,567,Defense,968,Offense,1125
BlueX-2474,392,Defense,179,Offense,121,Support,63,Tank,30
Tucker-11640,53,Offense,31,Defense,15,Support,6,Tank,2
Bello-11233,"1,289",Offense,961,Defense,126,Tank,139,Support,63
Peter-26556,31,Offense,21,Defense,7,Tank,2,,
Txao8-2676,97,Tank,35,Support,7,Defense,5,Offense,51
Smex-21111,664,Offense,358,Defense,152,Tank,102,Support,53
mycrazycat-1884,312,Support,69,Tank,9,Offense,162,Defense,71
Ayako-11428,"1,966",Offense,915,Support,358,Tank,367,Defense,325
Theomatic-21780,503,Support,140,Tank,131,Offense,127,Defense,106
xHM-11556,"1,652",Defense,466,Offense,520,Tank,230,Support,436
Fitzyhere-1294,779,Defense,407,Offense,265,Support,64,Tank,42
Seiichi-21782,69,Tank,5,Offense,43,Defense,20,,
Elric-22222,"3,232",Support,2455,Tank,373,Defense,190,Offense,216
Ayez-1127,69,Support,22,Defense,13,Offense,21,Tank,16
Qwerty-12347,"3,786",Tank,2193,Support,520,Offense,538,Defense,535
ALRIGHT-11424,76,Tank,1,Offense,65,Defense,8,Support,4
xqciniran-1126,168,Offense,47,Support,25,Tank,20,Defense,75
X1AN-21758,"1,694",Offense,777,Defense,520,Support,220,Tank,177
ToastE-21859,201,Offense,119,Defense,63,Support,12,Tank,8
Jona-2933,456,Defense,193,Offense,188,Tank,43,Support,32
daanS-21336,58,Offense,35,Defense,11,Tank,5,Support,6
Rappido-2767,489,Defense,79,Tank,51,Support,17,Offense,341
ReYaN-21903,974,Offense,311,Support,176,Defense,161,Tank,326
Carrotz-11238,125,Tank,36,Offense,46,Support,33,Defense,11
T0rch808-1998,114,Offense,36,Tank,23,Support,25,Defense,31
valen-11986,933,Offense,469,Support,56,Tank,94,Defense,311
DUENDECONKER-1356,179,Offense,13,Defense,6,Tank,99,Support,58
Wolfnova-11900,110,Defense,29,Tank,33,Offense,38,Support,10
Peacockapple-2526,950,Support,129,Tank,370,Defense,180,Offense,271
RealFake-21704,21,Defense,4,Offense,4,Support,6,Tank,6
PeptoBismol-11500,83,Support,3,Offense,48,Defense,22,Tank,9
caspere-21171,44,Support,7,Tank,10,Offense,19,Defense,11
Juggurt-2562,886,Offense,452,Defense,125,Tank,164,Support,144
Hoseok-11365,554,Defense,220,Tank,120,Support,171,Offense,42
Harley-2905,692,Defense,176,Support,308,Tank,169,Offense,38
TyTy008-1219,157,Tank,10,Offense,86,Defense,50,Support,11
Larienne-11967,441,Tank,128,Defense,50,Offense,28,Support,236
Vito-11114,0,,,,,,,,
Alice-33463,0,,,,,,,,
Zhou-11363,217,Tank,38,Support,23,Offense,101,Defense,54
BIOLOGYMAN-1868,191,Defense,74,Offense,57,Tank,37,Support,24
Fields-11600,88,Offense,10,Defense,3,Tank,40,Support,36
redditlucio-4934,390,Support,96,Defense,89,Offense,97,Tank,108
Crazyjimmy-1443,331,Tank,219,Defense,56,Offense,39,Support,15
Shannanigans-1618,594,Defense,191,Tank,125,Support,153,Offense,126
Sillyboy1611-1863,181,Tank,41,Offense,56,Support,46,Defense,36
LittlePoppa-11623,417,Defense,88,Tank,143,Support,151,Offense,35
Platypus-11998,308,Defense,116,Offense,120,Tank,52,Support,19
TahuTempe-11730,82,Defense,11,Tank,22,Support,37,Offense,11
hardeaux-1663,691,Defense,231,Tank,261,Support,140,Offense,60
revrad2016-1554,784,Support,363,Tank,248,Defense,110,Offense,61
Dictatosarus-2821,314,Tank,186,Support,68,Offense,44,Defense,16
AtomicSquid-1166,446,Offense,52,Defense,23,Tank,244,Support,126
류승룡기모찌-31251,73,Tank,21,Support,22,Defense,21,Offense,7
invicid-11349,74,Offense,57,Defense,7,Support,5,Tank,4
Adarys-2546,184,Support,103,Tank,39,Defense,32,Offense,9
Tensa-11698,71,Tank,28,Support,25,Offense,17,,
JaimyS007-2592,280,Tank,92,Defense,57,Offense,71,Support,60
iamkj-1755,205,Tank,104,Support,96,Defense,3,Offense,2
Dixel-2162,215,Support,60,Defense,64,Tank,24,Offense,66
SailenRU-2343,26,Defense,4,Tank,15,Offense,5,,
HAD2DOIT2EM-2807,481,Offense,209,Support,108,Defense,68,Tank,93
Market0Fish-1687,218,Offense,116,Defense,53,Support,24,Tank,26
Knipher-1416,210,Offense,65,Defense,43,Support,15,Tank,85
Smosasuk-2954,0,,,,,,,,
Mapzilla-1539,0,,,,,,,,
Square-21386,286,Support,90,Offense,30,Defense,98,Tank,68
SALTDUCKL1NG-1640,165,Offense,64,Defense,31,Support,40,Tank,30
Idontkno2h-1954,192,Offense,101,Defense,53,Support,23,Tank,15
Daggermouth-11392,631,Tank,212,Defense,156,Offense,176,Support,87
DinkDinkDink-11271,"2,165",Offense,1167,Defense,560,Support,276,Tank,159
iLoveKnives-11314,619,Tank,201,Defense,141,Offense,214,Support,64
patriick1505-2701,679,Tank,439,Defense,210,Support,17,Offense,12
Tr1Fee-2627,77,Defense,36,Offense,35,Tank,3,Support,2
SØcisse-1127,278,Tank,166,Offense,56,Defense,36,Support,22
edgewood-11560,385,Offense,119,Tank,73,Support,48,Defense,147
DaytimeOW-2623,326,Offense,111,Support,85,Tank,86,Defense,45
DabbedOn-1356,58,Tank,7,Support,6,Defense,34,Offense,11
CRanchJesus-1344,148,Offense,102,Defense,36,Support,8,Tank,2
kephrii-3754,279,Defense,78,Support,57,Tank,26,Offense,116
Riz-21125,"2,209",Offense,147,Defense,38,Support,1766,Tank,257
rice-12481,222,Support,36,Offense,82,Tank,78,Defense,28
sobble-11883,645,Support,391,Tank,169,Defense,41,Offense,44
Hazza-11854,108,Tank,16,Support,8,Defense,44,Offense,39
rawsaucey-1285,218,Support,103,Defense,28,Tank,64,Offense,23
Kristrom-2913,58,Offense,40,Defense,4,Support,9,Tank,6
rossi-11953,133,Offense,83,Defense,26,Support,20,Tank,5
Slingshot-31803,105,Support,31,Offense,24,Tank,25,Defense,26
Phase-11208,334,Support,58,Offense,124,Tank,88,Defense,66
Lagotic-11531,102,Tank,46,Support,50,Offense,5,Defense,0
dissention-1366,145,Offense,74,Tank,23,Support,40,Defense,8
firedemon-31416,247,Offense,154,Defense,60,Tank,23,Support,11
nwsf-11409,218,Defense,100,Tank,95,Offense,20,Support,2
Captain-13719,518,Tank,213,Support,206,Defense,60,Offense,38
HAKSAL-33346,823,Tank,71,Support,68,Offense,455,Defense,233
TacoLife-1514,961,Tank,285,Offense,173,Support,262,Defense,243
SOON-3395,"1,076",Tank,276,Offense,248,Support,376,Defense,175
PrimeOtime-2351,98,Tank,45,Offense,34,Defense,17,Support,2
sithspear-2909,355,Tank,146,Defense,84,Offense,74,Support,51
Decobus-1314,794,Offense,15,Support,436,Defense,120,Tank,224
Grimwald-21833,"1,453",Defense,217,Offense,267,Tank,114,Support,853
Soo-6722,257,Defense,60,Tank,46,Support,38,Offense,114
uGlc-2819,83,Support,50,Offense,14,Tank,12,Defense,5
Aftermath-6415,601,Offense,164,Tank,84,Defense,56,Support,299
Enuiix-1805,130,Support,75,Tank,23,Defense,26,Offense,5
NightyNight-11765,236,Defense,62,Tank,116,Support,30,Offense,28
Bronzo-11647,78,Offense,22,Defense,30,Tank,13,Support,13
Frizz-21592,69,Defense,2,Support,38,Tank,20,Offense,9
killarunaxx-2635,"1,094",Support,677,Offense,133,Tank,244,Defense,40
Pashawn-1535,215,Offense,141,Defense,37,Support,14,Tank,22
PapaTrotsky-1597,110,Offense,2,Tank,84,Support,15,Defense,8
ThinMatt-1666,386,Defense,142,Tank,84,Offense,133,Support,26
Smiimi-2142,251,Tank,136,Support,93,Offense,22,,
Calsifer-11474,948,Support,525,Defense,195,Tank,153,Offense,75
Chubz-11118,735,Offense,130,Support,52,Defense,349,Tank,205
Luciferrous-1888,445,Offense,10,Defense,4,Support,310,Tank,122
BeefRaven-1537,354,Defense,138,Offense,161,Support,35,Tank,17
VTM-11393,93,Support,59,Tank,16,Defense,11,Offense,8
Bread-31154,255,Defense,111,Offense,70,Tank,52,Support,21
Cactus-12410,"1,017",Offense,373,Defense,344,Support,179,Tank,120
Copy-21533,76,Support,17,Tank,19,Defense,15,Offense,23
Azrael-14718,"1,139",Tank,102,Support,882,Offense,94,Defense,62
TǾM-21652,372,Tank,12,Support,259,Defense,52,Offense,50
WaiJon-2638,"1,610",Offense,1049,Tank,212,Support,139,Defense,209
misherop1-2484,122,Support,76,Offense,30,Tank,12,Defense,2
Watery-21258,544,Defense,185,Offense,182,Support,97,Tank,81
Honey-22690,340,Defense,124,Tank,25,Support,27,Offense,166
Rari458-2111,89,Defense,59,Offense,25,Support,3,Tank,1
Snozlar-1816,130,Offense,77,Defense,36,Support,7,Tank,11
CHE-21330,312,Tank,82,Offense,85,Support,42,Defense,103
roymz-2892,797,Tank,276,Offense,316,Defense,107,Support,99
Saebyeolbe-3200,"1,016",Offense,724,Tank,124,Defense,144,Support,23
hoshimi-11424,333,Offense,229,Defense,51,Tank,40,Support,14
sHockWave-21321,351,Defense,97,Tank,47,Support,41,Offense,166
Lyssa-21113,"1,424",Defense,236,Support,180,Tank,191,Offense,816
bogur-2537,614,Defense,209,Offense,234,Tank,101,Support,72
DarkFlame-22861,"6,733",Defense,440,Tank,3840,Support,1472,Offense,981
Wepth-1427,465,Defense,164,Offense,161,Tank,91,Support,50
DNIWE-21251,419,Support,68,Offense,63,Tank,145,Defense,144
SnowDown-11438,83,Defense,39,Support,20,Tank,9,Offense,13
Cupcake-12706,"3,831",Support,2775,Defense,428,Tank,410,Offense,219
Shammy-11373,644,Support,28,Offense,482,Tank,54,Defense,80
Bandiit-1186,184,Offense,97,Defense,67,Support,14,Tank,6
Kosi-11983,"1,042",Defense,275,Offense,335,Tank,265,Support,164
Astro-21476,962,Defense,236,Support,135,Tank,160,Offense,430
Ineedhealing-1438,465,Defense,138,Tank,17,Support,9,Offense,301
Flamenzo-2642,684,Support,19,Tank,23,Defense,237,Offense,407
Splinterbom-2550,"1,474",Defense,421,Offense,452,Tank,372,Support,229
Purple-11733,"1,390",Offense,829,Defense,249,Tank,208,Support,103
UHH-11690,69,Offense,16,Defense,16,Tank,19,Support,15
RallyToMe-2267,60,Tank,17,Offense,22,Support,11,Defense,8
BowDude-11365,417,Defense,167,Offense,237,Tank,5,Support,7
Jab-1496,"2,153",Support,606,Tank,378,Offense,751,Defense,418
Waqqi-2241,131,Defense,47,Support,13,Tank,1,Offense,70
Khegasi-2366,483,Offense,358,Defense,69,Tank,44,Support,11
Dragasath-2313,492,Offense,219,Tank,61,Support,10,Defense,203
TARO-21647,117,Support,3,Offense,100,Defense,7,Tank,7
PEPEGAAAA-2479,164,Offense,93,Defense,38,Tank,24,Support,11
Lefaa-11631,422,Defense,145,Offense,259,Tank,11,Support,8
skye-12360,110,Offense,56,Defense,25,Support,16,Tank,12
EndGame-1202,889,Offense,369,Tank,278,Defense,118,Support,123
iM7-21560,"2,047",Tank,443,Defense,384,Support,250,Offense,971
HalCapone-2948,31,Support,6,Tank,8,Offense,9,Defense,7
Lutuleilei-2803,239,Tank,117,Support,12,Defense,48,Offense,61
GuN-1336,"2,402",Support,345,Offense,986,Tank,735,Defense,338
Vexonus-1682,629,Defense,201,Tank,58,Support,27,Offense,345
gummiCOLEMAN-2340,433,Tank,62,Support,41,Defense,183,Offense,148
MercyMain-2273,62,Defense,13,Support,8,Offense,32,Tank,8
MxB-21915,84,Offense,55,Support,2,Tank,1,Defense,26
Valentine-12938,60,Defense,30,Offense,24,Tank,3,Support,3
Kyb-2373,522,Offense,287,Defense,158,Support,55,Tank,21
Marron-21590,367,Support,43,Offense,221,Defense,63,Tank,41
ProGitv-2639,79,Tank,36,Offense,20,Defense,10,Support,11
Don-12598,362,Support,173,Offense,86,Tank,80,Defense,25
DoctorPotato-21459,"4,131",Defense,256,Tank,1977,Offense,1409,Support,489
spaceR-21418,"1,993",Offense,1021,Defense,518,Support,266,Tank,191
RoboCat-11164,"1,413",Support,79,Defense,734,Offense,402,Tank,194
Agandya-2703,"1,179",Offense,521,Defense,439,Support,117,Tank,103
KaTeKoMi-2973,511,Offense,312,Support,82,Defense,75,Tank,42
sh0ckwave-11172,"1,126",Tank,166,Offense,453,Defense,333,Support,172
Firren-21900,245,Defense,64,Tank,16,Support,13,Offense,152
SilentSoul-21702,370,Tank,42,Offense,254,Defense,32,Support,41
Neksul-1911,165,Defense,63,Offense,74,Support,17,Tank,10
HiImSky-11299,115,Support,8,Tank,62,Defense,19,Offense,25
SamTS-11185,229,Support,9,Offense,178,Defense,33,Tank,8
Whale-11888,592,Support,107,Defense,176,Offense,189,Tank,120
Nekuraholic-1840,107,Offense,52,Defense,22,Tank,18,Support,13
Naahmie-1290,809,Tank,66,Support,40,Offense,403,Defense,299
Afro-12419,826,Offense,456,Tank,176,Defense,113,Support,83
BibimbapBoi7-1866,79,Offense,57,Defense,6,Support,12,Tank,4
Zanacion-2977,"2,551",Tank,1947,Support,346,Defense,106,Offense,152
scorer5-21277,"4,051",Tank,435,Offense,1930,Support,1375,Defense,313
switch-22464,291,Tank,15,Support,26,Offense,166,Defense,84
taint-2831,547,Support,231,Defense,120,Offense,142,Tank,58
HUNTER-27205,"1,105",Offense,569,Defense,234,Tank,182,Support,122
Dire-21140,"2,675",Offense,900,Tank,1059,Support,438,Defense,276
Pepe-12270,112,Tank,9,Support,12,Defense,34,Offense,54
Dunmuir-1787,60,Tank,45,Support,5,Defense,3,Offense,6
แปดแสนเค-1375,71,Defense,26,Offense,37,Tank,5,Support,2
Noomi-2410,141,Offense,49,Tank,11,Support,3,Defense,78
Insane-1239,"2,076",Support,1151,Defense,226,Offense,362,Tank,338
DEfault-11493,"1,242",Defense,354,Tank,207,Support,104,Offense,574
Devix-22243,663,Tank,246,Defense,111,Offense,88,Support,218
PoPiFresH-21369,311,Offense,244,Defense,48,Tank,16,Support,3
Gamesley-2681,251,Support,83,Defense,84,Offense,67,Tank,17
Togs-21575,"1,580",Tank,418,Support,211,Defense,360,Offense,593
GCBakuro-1723,85,Offense,59,Defense,19,Tank,5,Support,5
Xhaden-1299,301,Tank,92,Offense,76,Support,83,Defense,52
flyingsparky-1564,356,Offense,151,Defense,76,Support,80,Tank,51
Toasty7562-1569,112,Defense,32,Offense,39,Tank,28,Support,15
logtron-1868,"1,688",Offense,453,Tank,596,Support,385,Defense,254
ArtThouMoist-2805,"1,906",Offense,784,Defense,496,Support,316,Tank,311
PikaLink-21663,191,Defense,21,Offense,14,Tank,124,Support,33
Costba-2832,329,Tank,42,Support,96,Offense,118,Defense,73
wildesLunov-2620,336,Support,67,Offense,45,Defense,22,Tank,203
Algengrütze-2815,168,Support,128,Tank,21,Defense,11,Offense,8
Olsomm-2735,660,Defense,178,Support,223,Offense,136,Tank,121
Sqeezy-21591,111,Support,23,Defense,26,Offense,37,Tank,22
CiccioPanza4-2631,645,Tank,188,Support,224,Defense,210,Offense,22
LexOfRivia-1122,166,Support,158,Tank,6,Defense,1,,
mocchi-11482,"1,353",Support,561,Defense,261,Tank,320,Offense,211
Skinnee-2889,"3,807",Support,3307,Tank,312,Defense,128,Offense,58
HoldTheDoor-1734,82,Tank,52,Offense,9,Defense,12,Support,10
Boothead-11355,208,Tank,131,Defense,63,Support,6,Offense,7
LUCY-31509,668,Tank,176,Offense,84,Defense,35,Support,371
Scarlet-11507,175,Tank,17,Support,11,Defense,109,Offense,39
FluffyPanda-11532,0,,,,,,,,
Balthazar-2479,650,Defense,57,Support,273,Offense,193,Tank,125
TheWarLoad-2111,131,Support,48,Offense,33,Defense,35,Tank,16
FunnyBunny-11402,100,Support,36,Defense,26,Offense,22,Tank,17
Koyomi-11657,423,Defense,113,Offense,220,Tank,57,Support,31
KasualVince-1623,383,Defense,155,Offense,124,Support,59,Tank,47
Klefty-1734,65,Support,26,Offense,14,Tank,16,Defense,9
cReaper-21951,61,Offense,24,Tank,7,Support,14,Defense,17
Slater-21715,"1,616",Tank,466,Offense,346,Defense,98,Support,707
Zillamanz-1454,356,Support,144,Offense,87,Tank,71,Defense,51
Magnus-12944,240,Support,117,Defense,61,Offense,44,Tank,18
OogaChakka-1858,465,Support,140,Defense,62,Tank,61,Offense,201
Lucio-13446,124,Defense,40,Offense,57,Support,19,Tank,8
Carles458-2275,125,Tank,44,Offense,40,Defense,23,Support,19
Player-134954,212,Defense,83,Offense,59,Support,35,Tank,32
Burritogod-1155,693,Support,166,Defense,69,Offense,274,Tank,185
Icepriest-2647,764,Defense,262,Support,323,Offense,138,Tank,40
Sawndez-1437,62,Defense,2,Support,1,Tank,50,Offense,8
Szaman-21396,108,Offense,75,Support,21,Tank,10,Defense,1
weeaboo69420-1190,"1,480",Defense,157,Offense,401,Tank,397,Support,525
Valkalon-2700,78,Offense,23,Support,24,Tank,13,Defense,19
Lucio-12221,741,Defense,180,Tank,125,Offense,270,Support,163
Legend-32947,314,Defense,103,Tank,35,Support,20,Offense,156
Miyuki-11977,632,Support,274,Tank,117,Offense,119,Defense,121
FluffiFoxi-1697,697,Offense,113,Defense,47,Support,355,Tank,181
eiriksmh-2100,68,Defense,22,Support,14,Offense,4,Tank,28
CJX-12642,301,Support,77,Tank,79,Defense,80,Offense,65
honey-12548,737,Support,528,Defense,102,Tank,57,Offense,52
TheMimics-1476,263,Support,30,Tank,139,Offense,48,Defense,46
S2K-11692,106,Support,30,Tank,30,Defense,3,Offense,46
SneezyDwarf-3525,289,Offense,119,Defense,67,Tank,73,Support,32
Juuliscool-1172,71,Defense,22,Support,10,Tank,4,Offense,34
Gove-11348,257,Support,65,Offense,92,Defense,89,Tank,9
minos-2264,337,Defense,94,Tank,151,Support,81,Offense,11
Lugli-1584,477,Offense,11,Tank,283,Support,153,Defense,31
Finsheur-2608,118,Defense,19,Offense,46,Support,27,Tank,26
Superson-1151,"1,863",Tank,1026,Support,518,Defense,219,Offense,102
NeverØLucky-2348,376,Tank,195,Support,83,Offense,60,Defense,39
DizzyDancer-2280,151,Support,71,Defense,21,Tank,35,Offense,24
Heaksoo-2514,80,Offense,50,Defense,23,Tank,3,Support,3
KUNI-11272,129,Defense,58,Tank,35,Support,13,Offense,21
Leo-110699,"1,044",Support,696,Offense,204,Tank,99,Defense,44
Midori-21147,540,Support,358,Tank,114,Offense,54,Defense,16
GrizzlyBomb-1701,0,,,,,,,,
SmoothCat-11816,85,Defense,27,Support,26,Offense,25,Tank,7
uvi-1291,935,Tank,408,Offense,144,Support,257,Defense,129
MrSaltMaster-1216,499,Support,194,Tank,110,Offense,132,Defense,65
BennyLiquid-1721,127,Tank,32,Defense,10,Support,70,Offense,17
TICTACTACOS-1731,413,Defense,135,Support,122,Tank,81,Offense,76
VampireJesus-11104,"1,445",Offense,560,Defense,344,Tank,237,Support,303
OldLady-21327,106,Tank,39,Support,23,Defense,16,Offense,27
SN1PZG0D-2657,86,Defense,16,Tank,26,Support,5,Offense,36
DeafSmurf-2907,552,Tank,94,Defense,207,Support,159,Offense,93
WolfEclips06-1943,257,Support,15,Offense,154,Defense,53,Tank,33
FalgrickVI-2156,102,Tank,30,Defense,20,Offense,12,Support,40
Benji-12106,183,Offense,64,Defense,61,Tank,38,Support,20
Brophey-11555,755,Tank,330,Support,183,Offense,140,Defense,99
Legend-32232,94,Tank,9,Support,15,Offense,51,Defense,16
AnnaLytic-1268,"1,224",Support,1036,Tank,101,Offense,59,Defense,26
SillySausage-21704,53,Support,13,Offense,16,Tank,18,Defense,5
Jopperdepopp-2796,114,Defense,48,Support,27,Tank,29,Offense,13
Dabear15-1896,112,Offense,40,Defense,42,Tank,23,Support,6
RickySpanish-21489,474,Offense,28,Defense,1,Support,343,Tank,100
Brenon-11919,241,Support,157,Tank,62,Defense,11,Offense,11
THCCHAN-1532,318,Support,238,Tank,62,Defense,13,Offense,6
Carbon60-11209,503,Tank,193,Defense,40,Support,163,Offense,106
Rykos-21709,455,Tank,97,Support,108,Offense,189,Defense,62
Nutpie-2666,435,Defense,157,Support,104,Tank,103,Offense,71
StellarBee-1392,"1,431",Offense,126,Tank,17,Support,985,Defense,301
APlusSpellar-1723,352,Defense,68,Tank,107,Support,84,Offense,90
PixelLogic-1533,"1,372",Offense,609,Tank,307,Defense,278,Support,178
RescueToast-11140,862,Tank,152,Support,414,Defense,166,Offense,127
MAVERICK-14200,419,Defense,19,Offense,203,Support,135,Tank,61
HappyRogue-16896,"1,117",Offense,204,Tank,236,Defense,46,Support,631
Kiezmor-2268,950,Offense,21,Support,608,Tank,308,Defense,15
PUSH-31360,493,Support,160,Offense,100,Tank,50,Defense,182
YuvalAquA-2507,373,Offense,128,Tank,73,Defense,103,Support,69
Merlin-2745,656,Support,343,Offense,124,Tank,158,Defense,28
Alpha2Omega-11700,847,Support,507,Tank,298,Offense,40,Defense,1
Kyfra-1768,"1,042",Offense,339,Tank,26,Defense,8,Support,671
LOBBER-11224,241,Tank,56,Offense,109,Defense,43,Support,33
Frisk-31639,0,,,,,,,,
Maple-21960,285,Tank,98,Offense,57,Support,69,Defense,60
PKBlizzard-21364,109,Defense,10,Support,44,Tank,23,Offense,32
Daaxyy-1605,434,Tank,8,Support,237,Offense,129,Defense,61
