Battle_Tag,Hero1,Hero2,Hero3,Hero4,Hero5
Morellio-1416,Mercy,Reinhardt,Orisa,Moira,Winston
Ne0x-2676,Genji,Doomfist,Tracer,Hanzo,Zenyatta
Miyuna-21516,Widowmaker,Reinhardt,Pharah,Genji,Hanzo
Hunter18112-1984,Reinhardt,Mercy,Hanzo,Lúcio,Orisa
Zinux-1251,Hanzo,Ana,Torbjörn,Soldier: 76,Lúcio
BluePillow-21338,Hanzo,Genji,Widowmaker,McCree,Tracer
Yoda-22377,Genji,Hanzo,Widowmaker,McCree,Ashe
Mood-21538,Widowmaker,Tracer,Hanzo,Ana,Zenyatta
TimeToShine-21533,Tracer,Widowmaker,Genji,McCree,Hanzo
Zugzug-1342,Widowmaker,Pharah,Zenyatta,Reinhardt,Ashe
Okay-11514,Genji,Widowmaker,Hanzo,Doomfist,Tracer
FireAlpha-2225,Pharah,Wrecking Ball,Junkrat,D.Va,Widowmaker
NateMaster-11517,Lúcio,Zarya,Orisa,Winston,Reinhardt
Cheloux-2153,Zarya,Winston,Ana,Reinhardt,Lúcio
Delta021-1534,Hanzo,Genji,McCree,Soldier: 76,Reaper
Nessi-11637,D.Va,Ana,Widowmaker,Mercy,Reinhardt
Varskull-2424,Sombra,Orisa,Ana,Zenyatta,Tracer
jackattack40-1398,Doomfist,Roadhog,Tracer,Genji,D.Va
Myth-12545,Doomfist,Symmetra,Soldier: 76,Ashe,Zenyatta
Legendary-14292,Widowmaker,Mercy,Mei,Symmetra,Pharah
Transversal-11549,McCree,Widowmaker,Reinhardt,Tracer,Hanzo
JCTheAllStar-1792,Genji,Junkrat,Reaper,Doomfist,Hanzo
WODwarrior-1746,Roadhog,Orisa,Mercy,Pharah,Junkrat
Deathbed-1368,Roadhog,Reaper,Soldier: 76,Bastion,Junkrat
Dudezo-1756,Moira,Hanzo,Soldier: 76,Roadhog,Tracer
PinkWeasel-21707,Orisa,D.Va,Mercy,Roadhog,Mei
BalloonCake-1933,Wrecking Ball,Doomfist,Moira,Tracer,D.Va
Wotton-11398,D.Va,Lúcio,Mercy,Roadhog,Winston
DocBGood-1806,Junkrat,Hanzo,Genji,Tracer,Mercy
Cyr-2925,Brigitte,Lúcio,Moira,Zarya,D.Va
chrome-12941,McCree,Ana,Sombra,Ashe,Bastion
Kosmos-11882,Lúcio,Hanzo,Baptiste,Moira,Ashe
Ciezan-1665,Reinhardt,Moira,Pharah,Winston,Roadhog
okkokk-1493,Ashe,Sigma,Junkrat,Reinhardt,Reaper
CLLOYD006-1672,Widowmaker,D.Va,Tracer,Roadhog,Mercy
Emixam-21653,Ana,Reinhardt,Zenyatta,Lúcio,Mei
TricklyTrash-1993,Widowmaker,Genji,Roadhog,Reaper,McCree
SORA-3954,Mei,Roadhog,Symmetra,Reinhardt,Hanzo
RAINBOW-31376,Hanzo,Genji,McCree,Widowmaker,Mei
Oskuxan-2477,Genji,Widowmaker,McCree,Reaper,Doomfist
Lymulis-1262,Pharah,Tracer,Lúcio,D.Va,Widowmaker
paladins-21183,Genji,Ana,Doomfist,Zarya,D.Va
Threshish-1867,Doomfist,Reinhardt,Widowmaker,Tracer,Hanzo
doodoonesbit-1512,Roadhog,Tracer,Genji,Mei,Reaper
milksgonebad-1890,Tracer,Soldier: 76,McCree,Doomfist,Reaper
Bajas-21522,Widowmaker,Hanzo,Reinhardt,Junkrat,Pharah
Zasc-2467,Widowmaker,Tracer,Zarya,Zenyatta,Soldier: 76
Glockoma-11768,D.Va,Doomfist,Orisa,McCree,Zarya
Ambientto-1436,Mercy,Ana,Moira,Reinhardt,Baptiste
Teabagged-11596,Hanzo,Doomfist,McCree,Genji,Roadhog
Talbotson-1651,Lúcio,Ana,Mei,Hanzo,Soldier: 76
sora-32523,Zarya,Reaper,McCree,Hanzo,Widowmaker
SukZ-2483,Reaper,McCree,Soldier: 76,Tracer,Junkrat
Spooky-12432,Hanzo,D.Va,Reaper,McCree,Roadhog
Spirit-12621,Mercy,D.Va,Pharah,Ana,Widowmaker
MemeDealer-11248,Genji,Hanzo,D.Va,Ana,Roadhog
CarlWheezer-11623,Winston,D.Va,Ashe,Torbjörn,Junkrat
wK0BRAw-21394,Sombra,Junkrat,Tracer,Roadhog,McCree
MilkMonsta-2693,Soldier: 76,Hanzo,Reaper,Roadhog,Tracer
scootypooty-21864,Genji,Widowmaker,Doomfist,Roadhog,Tracer
KingMaerko-2424,Baptiste,Brigitte,Ana,Winston,Lúcio
DapperRosè-1905,Wrecking Ball,Roadhog,Baptiste,Moira,Ana
Lizzy-21415,D.Va,McCree,Tracer,Mercy,Lúcio
LiLFearless-2135,Soldier: 76,McCree,Ana,Reaper,Roadhog
DrYaT-11365,McCree,Soldier: 76,Reaper,Ana,Mercy
Cation-21307,D.Va,Soldier: 76,Pharah,Junkrat,Roadhog
asperin321-21386,Widowmaker,Doomfist,Tracer,Reinhardt,Lúcio
The64BitWolf-2644,Mercy,Genji,Bastion,Reinhardt,Hanzo
water-3459,Tracer,McCree,Bastion,Junkrat,Mercy
Floofmister-1203,D.Va,McCree,Hanzo,Widowmaker,Soldier: 76
Aska-21320,D.Va,Mercy,Ashe,Widowmaker,Junkrat
Idoknow-1739,Genji,Widowmaker,Tracer,Hanzo,Lúcio
Senile-11839,Genji,Reinhardt,Junkrat,D.Va,Roadhog
Mirishikiari-2387,Mercy,Ana,Tracer,Symmetra,Soldier: 76
TEXXAAS-1623,McCree,Hanzo,Roadhog,Genji,Soldier: 76
Byakko-21809,Genji,Soldier: 76,Tracer,D.Va,Mei
shiva-2306,D.Va,Hanzo,Ashe,Soldier: 76,Moira
Furious-21734,Mercy,Pharah,Zarya,Doomfist,D.Va
brz-21414,Zenyatta,Genji,Widowmaker,Hanzo,Junkrat
Dashper-2649,Genji,Hanzo,McCree,Mei,Reaper
Black-13166,Soldier: 76,Pharah,Junkrat,Reaper,D.Va
発情-1874,Tracer,Widowmaker,McCree,Hanzo,Symmetra
SendNoodles-2546,Genji,Widowmaker,Hanzo,McCree,Reaper
mesrine06-3342,D.Va,Zenyatta,Lúcio,Ana,Ashe
Madshyre-2152,Tracer,Brigitte,Zarya,Ana,Roadhog
Wisonton-2949,Doomfist,D.Va,Soldier: 76,Ana,Lúcio
superduper-11495,Genji,Lúcio,McCree,Reaper,Ana
Nayte-1332,Roadhog,Reinhardt,Winston,Junkrat,Lúcio
BigBird69-11782,Genji,Widowmaker,McCree,Doomfist,Wrecking Ball
믹키복국-3682,Junkrat,Widowmaker,Symmetra,Pharah,Bastion
CelestialAri-1597,D.Va,Mercy,Moira,Lúcio,Orisa
OuSsLeKiKoU-2594,Hanzo,Junkrat,Widowmaker,Genji,Soldier: 76
Adde58-21341,Ana,Tracer,Genji,Winston,McCree
Wïnter-1474,Mercy,D.Va,Junkrat,Symmetra,Ana
EGG-2252,Mercy,Moira,Reinhardt,Ana,Lúcio
CodeRed-11747,D.Va,Ana,Zarya,Widowmaker,Moira
Comex78-2455,Genji,Tracer,Zarya,Ana,Soldier: 76
DAMN-31920,Ashe,McCree,Ana,Widowmaker,Hanzo
EyeHunt-2806,Widowmaker,Ana,Lúcio,Tracer,Zenyatta
UrmaGurd-2700,Zarya,Lúcio,D.Va,Reinhardt,Mercy
T3mp-11347,Roadhog,Genji,Winston,McCree,Reinhardt
ShadowStorm-1157861,Genji,Reinhardt,McCree,Ana,D.Va
JankoBahn-2788,Ashe,McCree,Hanzo,Winston,Reinhardt
ZeroTwo-21952,Widowmaker,Mei,McCree,Lúcio,Ana
Elodin-2289,Mercy,Ana,Pharah,Reaper,Lúcio
Celestia-11345,D.Va,Mercy,Widowmaker,Mei,Symmetra
Final-11180,Pharah,Junkrat,Soldier: 76,Mei,McCree
Wolvez-11900,Hanzo,McCree,Tracer,Soldier: 76,Roadhog
Duck-22365,Lúcio,Wrecking Ball,Zenyatta,Ana,Reinhardt
Had0u-2632,Ana,D.Va,Reinhardt,Orisa,Junkrat
mememeister-21825,Genji,Hanzo,McCree,Reaper,Soldier: 76
HappyPanda-11182,Soldier: 76,Symmetra,Bastion,Reinhardt,Tracer
TRACER-31344,Genji,Widowmaker,McCree,Tracer,Hanzo
TheLegend27-21459,Genji,McCree,Hanzo,Pharah,Soldier: 76
ThrowYatta-2929,Torbjörn,Zenyatta,Reinhardt,Winston,Reaper
DerpSkittles-1829,D.Va,Ana,Moira,Orisa,Zarya
MEI-32127,Doomfist,Genji,Widowmaker,Hanzo,Tracer
Lunchb0x-1462,Wrecking Ball,Orisa,Winston,Reinhardt,Zarya
Sandra-22412,Widowmaker,Mercy,D.Va,Pharah,Zarya
Darkness-25657,Genji,Hanzo,Ana,D.Va,Widowmaker
m3rcury-21233,Widowmaker,Mercy,Ana,Mei,Moira
Ryujehong-31413,McCree,Hanzo,Genji,Widowmaker,Tracer
DK745-1422,Mercy,Reinhardt,D.Va,Ashe,Sombra
Lustboy-11588,Widowmaker,Soldier: 76,D.Va,Sombra,Reaper
Neopolitan-21200,D.Va,Roadhog,Junkrat,Hanzo,Mercy
Assassin-32157,Tracer,Widowmaker,Sombra,Genji,Doomfist
Sparklegem-2388,Roadhog,Genji,Pharah,McCree,Lúcio
Failurebot-1568,Moira,Ashe,Doomfist,Zarya,Wrecking Ball
Selkcit-1116,Widowmaker,McCree,Mercy,Pharah,Symmetra
Undeadbanana-1110,D.Va,Pharah,Mei,Reinhardt,Hanzo
Addison-11956,McCree,Tracer,Hanzo,Mei,Genji
Hypnotic-11510,McCree,Lúcio,Sigma,Genji,Bastion
kalicki-1812,Orisa,D.Va,Reinhardt,Pharah,Wrecking Ball
Guts-21367,Ana,Hanzo,Tracer,Zenyatta,McCree
Kestrel-21340,Genji,Roadhog,McCree,Hanzo,Mei
Olexiy-1856,Ashe,Hanzo,Reinhardt,McCree,Pharah
Turin-1313,Soldier: 76,Ana,Zenyatta,Roadhog,Lúcio
MPRF12345-2372,Genji,Pharah,Reaper,McCree,Hanzo
MJHGenesis-1510,Ana,Junkrat,Lúcio,Orisa,Reinhardt
ChoiJunhong-1789,Pharah,Moira,Mei,D.Va,Reaper
BaitoBox-1187,McCree,Widowmaker,Hanzo,Genji,Junkrat
POPersia-2346,D.Va,Mercy,Bastion,Ashe,Soldier: 76
Luciana-11752,Lúcio,Ana,Mercy,Tracer,D.Va
Rod-1486,Junkrat,Soldier: 76,Tracer,Sombra,Orisa
jzono1-2984,Ashe,Wrecking Ball,Pharah,Mercy,Soldier: 76
Strix-11834,Tracer,Soldier: 76,Lúcio,D.Va,Widowmaker
Taiga-21310,Junkrat,Moira,Ashe,Ana,Symmetra
Eham-11702,Reaper,McCree,Hanzo,Sombra,Moira
MaxyKang-1149,Ana,Baptiste,Orisa,Moira,Junkrat
Zyama-2709,Reinhardt,Junkrat,D.Va,Winston,Symmetra
nagha-2254,Ana,Hanzo,Widowmaker,McCree,Lúcio
Percival-12478,Genji,Hanzo,McCree,Tracer,Reaper
facucu-2529,Lúcio,Ana,Roadhog,Mercy,Zenyatta
지존-32507,Roadhog,Soldier: 76,Doomfist,McCree,Ana
Alex-114802,Widowmaker,McCree,Tracer,Mercy,Soldier: 76
Splashx-2930,Moira,Soldier: 76,Zarya,Zenyatta,Symmetra
Deku-21602,Genji,McCree,Ana,Hanzo,Doomfist
BLADE-31468,McCree,Roadhog,Soldier: 76,Torbjörn,Reaper
Lettu-21638,Mercy,Junkrat,Roadhog,Reinhardt,Doomfist
JonTanti-2411,Zenyatta,D.Va,Ana,Roadhog,Junkrat
BittahPupil-11197,Zarya,Lúcio,Zenyatta,Soldier: 76,D.Va
Jelygoll-2884,McCree,Hanzo,Lúcio,Tracer,Zenyatta
Leviathan-13922,Tracer,Junkrat,Widowmaker,Reaper,Soldier: 76
Duellmite-1554,Widowmaker,Genji,Hanzo,Ana,McCree
painplusplus-1491,Roadhog,Wrecking Ball,Widowmaker,Reinhardt,Hanzo
Gorilla-11376,Roadhog,Moira,Soldier: 76,Winston,D.Va
rad1m-2478,Genji,McCree,Hanzo,Tracer,Widowmaker
Jwyn-11191,Tracer,Genji,Hanzo,Reinhardt,Widowmaker
NerfThis-11899,Genji,Tracer,McCree,Widowmaker,Soldier: 76
JjUuxX-1529,Winston,Ana,Reinhardt,D.Va,Lúcio
Bratwurst-21560,Junkrat,Doomfist,Soldier: 76,Reaper,D.Va
simosaurus-11401,Lúcio,Ana,Reinhardt,McCree,Baptiste
Cloud-16673,McCree,Widowmaker,Tracer,Zarya,Genji
MissWayne-21406,Mercy,Pharah,Mei,D.Va,Junkrat
Headstrong-1611,Ana,Hanzo,Roadhog,Zarya,Reinhardt
XyFy-21823,Genji,Junkrat,Doomfist,Lúcio,Roadhog
Tatemin-1201,Soldier: 76,Lúcio,Junkrat,Mei,Reaper
Mercy-16652,McCree,Genji,Torbjörn,Hanzo,Junkrat
SheydDead-2133,Reinhardt,Pharah,Hanzo,Widowmaker,D.Va
Raptor-24720,Bastion,D.Va,Pharah,Sombra,Reinhardt
K0NG-11647,Orisa,Zarya,Ana,Winston,Moira
Dinohappy-2432,Junkrat,Genji,Reaper,Reinhardt,Hanzo
Kecske-22536,Genji,Hanzo,Ana,McCree,Widowmaker
drippsy-2594,Genji,Hanzo,Reinhardt,Pharah,Junkrat
R013X-1933,Widowmaker,Hanzo,McCree,Genji,Roadhog
Zinnia-11575,Ana,D.Va,Junkrat,Moira,Roadhog
Nomik42-2562,Hanzo,Genji,Junkrat,McCree,Widowmaker
Thisguy-11808,Widowmaker,McCree,Soldier: 76,Tracer,Sigma
lick10-2396,Pharah,Soldier: 76,D.Va,Zenyatta,Mercy
Daunted-21301,Mercy,Reinhardt,D.Va,Moira,Reaper
HAGGAS-6678,Reaper,Moira,Mei,Widowmaker,Hanzo
SeeMonkeys-1170,Zenyatta,Hanzo,Roadhog,Mei,Widowmaker
W33SY-2187,Genji,Widowmaker,Lúcio,McCree,Tracer
Shaddy-2715,Ana,Zenyatta,Tracer,Mercy,Pharah
rmaaaz-1625,Hanzo,Widowmaker,McCree,Lúcio,Ana
Lacuna-21325,Widowmaker,Hanzo,McCree,Genji,Doomfist
lillylindah-1859,Bastion,Widowmaker,Mercy,Mei,Ana
tomerari-2783,Soldier: 76,Hanzo,McCree,Zenyatta,Pharah
SmugLilac-1694,Soldier: 76,Widowmaker,Tracer,Ana,McCree
Legend-3226,Genji,Hanzo,McCree,Soldier: 76,Pharah
Sty1z-2467,Pharah,Bastion,Soldier: 76,Widowmaker,Hanzo
JuicyMelons-21284,Baptiste,Orisa,Ana,Lúcio,Reinhardt
Lies-21395,Moira,Baptiste,Mercy,Zenyatta,Zarya
DizzyDwarf-214749,Bastion,Soldier: 76,D.Va,Moira,Pharah
unlocked-21304,Genji,Widowmaker,Tracer,McCree,Hanzo
Donate-11679,McCree,Hanzo,Junkrat,Zenyatta,Widowmaker
Magnus-23241,Hanzo,Widowmaker,Doomfist,McCree,Reaper
toughtguy-2248,Genji,Ana,Hanzo,Zarya,Junkrat
MEI-32129,Reaper,Widowmaker,Doomfist,McCree,Reinhardt
Foxtrot-12434,McCree,Widowmaker,Reinhardt,Genji,Roadhog
MERCYMAINBTW-2196,Ana,Tracer,Soldier: 76,McCree,Mercy
Exorcist-11589,Hanzo,McCree,Zenyatta,Lúcio,D.Va
Malfurion-22191,Hanzo,Doomfist,Symmetra,Torbjörn,Widowmaker
Rivero-2955,Pharah,Genji,Widowmaker,Hanzo,McCree
mrme09-1259,Reaper,Genji,Hanzo,McCree,Widowmaker
BattleMercy-2821,Soldier: 76,D.Va,Tracer,Mercy,Winston
Odexcily-1550,Reaper,Roadhog,Junkrat,Baptiste,Reinhardt
tehZevo-11946,Lúcio,Moira,Zarya,Mercy,D.Va
Hades-13609,Soldier: 76,Moira,Zarya,Reinhardt,Junkrat
Arcturis-1931,Reinhardt,Widowmaker,Winston,Junkrat,Roadhog
Thunder-14734,Brigitte,Reinhardt,Winston,Orisa,Wrecking Ball
LegendofJuli-1647,Reaper,Genji,Soldier: 76,Roadhog,Mei
Mahoostakai-2971,Mercy,D.Va,Ana,Symmetra,Sombra
Silverbane-11320,McCree,Genji,Roadhog,Lúcio,Hanzo
Myuex-11186,Ana,Widowmaker,Symmetra,Mei,Soldier: 76
비케이-31792,Reinhardt,Lúcio,Torbjörn,Genji,Zarya
Dirmethodes-1818,Lúcio,Reinhardt,Zenyatta,Soldier: 76,Wrecking Ball
EJaycool-1635,Widowmaker,McCree,Hanzo,Genji,Junkrat
EFFECT-31691,Genji,Doomfist,Widowmaker,Tracer,McCree
ali-26530,Genji,Hanzo,McCree,Doomfist,Ana
Miner7835-2924,Hanzo,Roadhog,Baptiste,Zenyatta,Soldier: 76
Black-24977,Junkrat,Bastion,Hanzo,Mercy,Soldier: 76
Fendi-2462,Mercy,Lúcio,Pharah,Winston,Symmetra
BoomPlayz-1156,Doomfist,Zenyatta,McCree,Genji,Lúcio
lucas-26568,McCree,Genji,Reaper,Hanzo,Doomfist
Phantos-11117,Orisa,Ana,Reinhardt,Zarya,Winston
trace-12558,Bastion,Soldier: 76,Orisa,Pharah,McCree
Bomboncito-1959,Mercy,Zenyatta,D.Va,Ana,Zarya
Goose-13750,Moira,Winston,Orisa,Junkrat,Bastion
Loukas420-2541,Zenyatta,Genji,Lúcio,Roadhog,Hanzo
EpicalHD-2996,Hanzo,Widowmaker,Reaper,Tracer,Mei
Dirty-11534,McCree,Genji,Hanzo,Soldier: 76,Roadhog
SirDisaster-21465,Junkrat,Mercy,Brigitte,Widowmaker,Reinhardt
AFlyingLlama-11896,Genji,Hanzo,Widowmaker,McCree,Doomfist
Doinks-11842,Doomfist,Widowmaker,McCree,Tracer,Soldier: 76
Barcode-31600,Genji,Doomfist,Widowmaker,Hanzo,McCree
Chillie-1120,Moira,Orisa,Junkrat,D.Va,Ashe
SADO-21380,Ana,Widowmaker,McCree,Reinhardt,Hanzo
ImDirtyDan-11161,Widowmaker,McCree,Ashe,Hanzo,Genji
Patlock-2438,Sombra,Roadhog,Zenyatta,D.Va,Ana
MrArTHuRuS-2585,Lúcio,Hanzo,Soldier: 76,Zenyatta,Torbjörn
CalebAvRe-1734,Doomfist,McCree,Ana,Ashe,Genji
Darkdevs-11590,Widowmaker,Tracer,Genji,Doomfist,Hanzo
Losik-21699,D.Va,Mercy,Zarya,Ashe,Widowmaker
Mattewkon-2968,Hanzo,Lúcio,Junkrat,Genji,Widowmaker
mcpancho45-1532,Hanzo,Doomfist,McCree,Tracer,Junkrat
Kenzo-22123,Genji,McCree,Widowmaker,Hanzo,Junkrat
B1ue-11666,Reinhardt,Baptiste,D.Va,Orisa,Sigma
Imjustapie-1234,Mercy,Lúcio,Ana,Zenyatta,Symmetra
Robo-11782,Genji,Wrecking Ball,Ana,McCree,Reinhardt
Wulfe-21261,Ana,Sigma,Orisa,Moira,Ashe
AuraSp1ke-1666,Genji,Widowmaker,Hanzo,McCree,Tracer
Fr33H0NGK0NG-2476,Reinhardt,Pharah,Ana,Mercy,D.Va
Alerion-2683,Ashe,Mei,Junkrat,Hanzo,Sigma
BlackCat-22372,Pharah,Reaper,Tracer,D.Va,Mercy
Jay-25184,Brigitte,Lúcio,Wrecking Ball,Ashe,Orisa
PoetFox-11612,Zarya,Ana,D.Va,Sombra,Orisa
TaFFo-2711,McCree,Genji,Soldier: 76,Doomfist,Tracer
GÜNTHER-11544,Zarya,Sigma,Orisa,Winston,Reinhardt
JellyBean-12665,Ana,Zenyatta,Moira,Mercy,D.Va
Westsoup-2408,Torbjörn,Mercy,Reinhardt,Soldier: 76,Roadhog
Kirito564-11911,Reaper,Hanzo,Roadhog,Widowmaker,Ashe
Strayhat627-2850,Reinhardt,Roadhog,Symmetra,Moira,Soldier: 76
fabitooco-1320,Widowmaker,Hanzo,Sombra,Tracer,Genji
freakonat-1776,Genji,Doomfist,Tracer,Widowmaker,Hanzo
TerraAntica-2374,Symmetra,Tracer,Ana,Brigitte,Sombra
Vanorus-21733,McCree,D.Va,Ana,Roadhog,Soldier: 76
Xastron-2598,Hanzo,Soldier: 76,Roadhog,Widowmaker,Ana
Barneyy-1614,Mercy,Roadhog,Pharah,Soldier: 76,Winston
Veroable-1403,Widowmaker,D.Va,Mercy,Zarya,Sigma
Cody-14187,Reinhardt,Winston,Genji,Widowmaker,Hanzo
Bridek-21870,McCree,Tracer,Reaper,Hanzo,Genji
Nick-27492,Genji,Widowmaker,Hanzo,Ashe,Tracer
Tsukki-11135,Junkrat,Genji,McCree,Doomfist,Reaper
Rickysaucey-2271,Roadhog,Sigma,D.Va,Orisa,Zarya
Sam-21632,McCree,Soldier: 76,Tracer,Ana,Widowmaker
alex-118505,Roadhog,Soldier: 76,McCree,Reaper,Tracer
MALMAL-1318,Ana,Baptiste,Zenyatta,Mercy,Tracer
Lol-21258,Lúcio,Hanzo,Junkrat,Reinhardt,Zenyatta
lerohi-2541,Genji,Hanzo,McCree,Soldier: 76,Junkrat
MrRandomness-1621,Junkrat,Roadhog,Hanzo,Reinhardt,Torbjörn
China-12123,Tracer,Widowmaker,D.Va,Sombra,Zarya
EBaunsworth-1207,Reaper,Zarya,Hanzo,D.Va,Soldier: 76
GranyTsunade-1974,Baptiste,Ana,Moira,Zenyatta,Symmetra
MIKA-31332,Genji,McCree,Hanzo,Tracer,Soldier: 76
TorbsTickler-1997,Hanzo,Widowmaker,McCree,Soldier: 76,Ana
ARelaxedFish-1671,Bastion,Roadhog,Reinhardt,Widowmaker,Wrecking Ball
neverLUCKY-11986,Genji,Soldier: 76,Ana,Tracer,McCree
ASHS-1640,McCree,Genji,Hanzo,Reaper,Junkrat
Fastmedic-1820,Pharah,Mercy,Soldier: 76,Reaper,Ana
LapinouBisou-2450,Junkrat,Roadhog,Soldier: 76,D.Va,Widowmaker
Ezaki-11234,Reinhardt,D.Va,Sombra,Widowmaker,McCree
SnowShow-1531,Genji,Widowmaker,Soldier: 76,Hanzo,Tracer
Phizz-21764,Ana,Widowmaker,Zenyatta,Pharah,D.Va
Luriam-1757,McCree,Roadhog,Ana,Lúcio,Mercy
BudgetJJoNak-1267,Zenyatta,Ana,Roadhog,Junkrat,Moira
Trithon-2349,Pharah,Tracer,Soldier: 76,Ana,Hanzo
Bombaclaat-21366,Widowmaker,Moira,Hanzo,Roadhog,McCree
D3myx-1412,D.Va,Winston,Lúcio,Zenyatta,Baptiste
Mod3rn-21548,Genji,Hanzo,Widowmaker,McCree,Lúcio
Dirtehy-1452,Roadhog,Hanzo,Doomfist,Ashe,Orisa
DangerNoodle-11799,Ana,Reaper,Orisa,Reinhardt,Zenyatta
Ramen1529-2144,Ana,Wrecking Ball,Zenyatta,Baptiste,Orisa
Kilo-11742,Genji,Widowmaker,Tracer,Ashe,Lúcio
mei-12102,Genji,Widowmaker,McCree,Tracer,Doomfist
MFWIN-11646,Ana,Hanzo,Zenyatta,Widowmaker,Lúcio
Computer-1854,Roadhog,Reaper,Soldier: 76,Bastion,Reinhardt
BlueBunny-21128,Widowmaker,Lúcio,Tracer,Genji,Orisa
jobbers831-2511,Moira,Mei,Ashe,Symmetra,Ana
NENZOO-2145,Hanzo,McCree,Genji,Junkrat,Reinhardt
Gijitamriko-2590,Hanzo,McCree,Soldier: 76,Genji,Pharah
Kathrin-2392,Widowmaker,Ana,Ashe,Tracer,Mercy
Knastonaut-21658,Reinhardt,Hanzo,Mei,Junkrat,Roadhog
RaveLlama-11110,Lúcio,Reaper,Winston,Mei,Junkrat
YOLOSWAGFAM-1874,Lúcio,McCree,Orisa,Roadhog,Zenyatta
JangoDoge-1225,Tracer,Soldier: 76,Lúcio,McCree,Mercy
KobyKat-11549,Widowmaker,Reinhardt,Zenyatta,D.Va,Ana
Mickey-2450,Bastion,Genji,Reinhardt,Torbjörn,Junkrat
Beh-21589,Genji,Widowmaker,Hanzo,Tracer,McCree
Stijatel-2535,McCree,Widowmaker,Reaper,Genji,Hanzo
Jigen90-2942,Orisa,Mei,McCree,Soldier: 76,Symmetra
Qurqu-2454,Junkrat,Lúcio,Sombra,Tracer,Widowmaker
Psecthye-2819,Lúcio,Mercy,Ana,D.Va,Orisa
ryujehong-31885,McCree,Genji,Tracer,Widowmaker,Soldier: 76
DocDwalin-2968,Zenyatta,Orisa,Winston,Baptiste,Ana
ZYHHHHHHHH-1726,Pharah,McCree,Reinhardt,Widowmaker,Roadhog
February-31976,Genji,McCree,Hanzo,Widowmaker,Ana
Cirava-1657,Mercy,Widowmaker,Genji,D.Va,Mei
ven0m-21637,Genji,McCree,Reinhardt,Reaper,Widowmaker
CatDog-21377,Reinhardt,Ana,Zarya,D.Va,Mercy
prettypistol-1251,D.Va,Mercy,Zarya,Brigitte,Pharah
dang3r-11192,Genji,Widowmaker,Tracer,Soldier: 76,Pharah
deadmemesFTW-1311,Genji,Hanzo,McCree,Doomfist,Reaper
KishibeRohan-2713,McCree,Roadhog,Torbjörn,Mei,Junkrat
SimleZ-21694,Mercy,Zenyatta,Zarya,Widowmaker,Tracer
WildPants-112576,Moira,Bastion,Torbjörn,Widowmaker,Sombra
Ghilo-21106,Sigma,Roadhog,Zarya,Orisa,Baptiste
TaraJade-11761,Mercy,Pharah,Genji,Hanzo,Lúcio
Zebra-1768,Junkrat,Widowmaker,Lúcio,Winston,Pharah
Annie-22931,D.Va,Widowmaker,Mercy,Mei,Reaper
A7XViper-1268,Lúcio,Reinhardt,Orisa,D.Va,Moira
Vyxilinn-1258,Lúcio,Widowmaker,Pharah,Hanzo,Genji
BrigYEETa-1794,Hanzo,Mercy,Brigitte,Reinhardt,Zenyatta
Ziggchiller-2424,Genji,Junkrat,Hanzo,McCree,Reinhardt
nkobra-21415,Zarya,Mei,Lúcio,Junkrat,Soldier: 76
Dandroid-11783,Junkrat,Orisa,Winston,Roadhog,D.Va
Mystery-11546,Genji,Widowmaker,Hanzo,Junkrat,Tracer
qDario-2638,Genji,D.Va,Tracer,Hanzo,Sombra
Skew-21416,Widowmaker,Reinhardt,Junkrat,Tracer,Ana
MagicPants-213321,Genji,Widowmaker,Tracer,Roadhog,Hanzo
bambam-21776,Doomfist,Mei,Roadhog,Pharah,Tracer
toughVader-2645,Zenyatta,Soldier: 76,Roadhog,Pharah,Ana
ViceRoyVenom-1631,Winston,Zarya,Mercy,Reinhardt,D.Va
Force-11161,Zenyatta,D.Va,Orisa,McCree,Tracer
help-11416,Genji,McCree,Widowmaker,Junkrat,Tracer
ryat-21630,Winston,Reinhardt,D.Va,Ana,Junkrat
Akko-21686,Winston,Lúcio,Reaper,Genji,Zarya
Godspeed-21277,Ana,Mercy,Hanzo,Moira,Reinhardt
SpankAvocado-2720,Mercy,D.Va,Moira,Ana,Orisa
Karr-1165,Moira,Zarya,Mercy,Reinhardt,Ana
ZackWarfare-1580,D.Va,Reinhardt,Lúcio,Sigma,Soldier: 76
TanteNichon-1437,McCree,Tracer,Soldier: 76,Mei,Pharah
BigDaddy-22272,Wrecking Ball,Moira,Reinhardt,Zarya,Roadhog
PWCore-1267,Lúcio,Wrecking Ball,D.Va,Sigma,Zarya
PCpla-2563,Hanzo,Widowmaker,McCree,Soldier: 76,Junkrat
BreakFast-11862,Hanzo,Widowmaker,Junkrat,Pharah,Genji
Aris-12538,Widowmaker,Ashe,Ana,Baptiste,Symmetra
Argos-2977,Ana,Mercy,Lúcio,Zarya,Zenyatta
ChickenLil-11717,Genji,Hanzo,Widowmaker,McCree,Tracer
Zesar-1793,McCree,Hanzo,Roadhog,Genji,Widowmaker
aidanheat-1766,Genji,Hanzo,Tracer,D.Va,Widowmaker
CoolFrog-2770,Roadhog,Widowmaker,McCree,Soldier: 76,Torbjörn
Attacler-2292,Hanzo,Genji,Widowmaker,Pharah,McCree
Moronlad-1949,Mercy,Ana,Moira,Hanzo,Zarya
Fade-12532,Reinhardt,Reaper,Hanzo,Mercy,McCree
Mei-31112,Hanzo,Mei,Sombra,Tracer,Widowmaker
Orionz-21692,Doomfist,Tracer,Zenyatta,Ana,Mei
BrookerBear-1577,D.Va,Widowmaker,Mercy,Lúcio,Symmetra
Slan-31703,Genji,McCree,Ana,Tracer,Roadhog
MortKz-2469,Genji,Ashe,Hanzo,Tracer,McCree
ReaperHaven-1656,Hanzo,Ana,Reinhardt,Genji,Doomfist
Rice9701-1701,McCree,Doomfist,Widowmaker,Hanzo,Genji
Liltank-11690,Moira,Roadhog,Lúcio,D.Va,Orisa
Prime-12564,Genji,Reaper,Roadhog,Hanzo,Soldier: 76
HigHstem-2101,D.Va,Reaper,Moira,Soldier: 76,Widowmaker
DoctorĀ-2695,Mercy,Moira,Ana,Ashe,Mei
Pawzz-1116,Reinhardt,Zenyatta,Mercy,Widowmaker,Hanzo
sleep-21261,Genji,Hanzo,Tracer,Widowmaker,Bastion
darkm0de-2150,Zenyatta,Tracer,McCree,Hanzo,Moira
Hengzzz-1197,Roadhog,Zenyatta,Lúcio,Hanzo,Reinhardt
Regalia-21518,Pharah,Mei,Lúcio,Ana,Symmetra
MIRO-31166,Lúcio,Hanzo,Genji,Reaper,Bastion
LUCIO-31987,Sombra,Mercy,D.Va,Ana,Lúcio
Twitchy-1838,Tracer,Hanzo,Widowmaker,Mei,McCree
Rovu-21231,Pharah,Roadhog,Junkrat,Lúcio,Mei
LaiRS-11800,Mercy,Ana,D.Va,Widowmaker,Moira
Faint-2788,Doomfist,Junkrat,Winston,Torbjörn,Soldier: 76
ǍŜPĦŶXƗȀ-2632,Ana,McCree,Genji,Sigma,Hanzo
Darkcyprus-1429,Reinhardt,Lúcio,Soldier: 76,Genji,Ana
YOURSELF-11433,Genji,Widowmaker,Tracer,McCree,Soldier: 76
Zauced-1797,Genji,McCree,Soldier: 76,Tracer,Widowmaker
TeMpt-11522,Widowmaker,Hanzo,Genji,McCree,Lúcio
DJhoDoc11-1784,Baptiste,Lúcio,Sigma,Ana,Wrecking Ball
Bum-12306,Tracer,Ana,Mercy,Reinhardt,Genji
XNAL3MWX-2366,Genji,Reaper,Tracer,McCree,Hanzo
Rheora-2331,Tracer,Widowmaker,Ana,Moira,Orisa
Rickvdmeyyy-2782,Winston,Reinhardt,Ana,Tracer,Hanzo
SgtSpeedy-2353,Pharah,D.Va,Hanzo,Genji,McCree
AWOKENGOLDY-2144,Zarya,Roadhog,Wrecking Ball,Sigma,Soldier: 76
SoftCorgi-2616,Mercy,D.Va,Moira,Widowmaker,Ana
DudeBro-11870,Genji,Junkrat,Roadhog,Pharah,Soldier: 76
Kenshin-12318,Genji,Doomfist,Mei,Ashe,Ana
boolin-11437,Zarya,Hanzo,Ana,Symmetra,Zenyatta
HighHeals-11192,Moira,Lúcio,Mercy,Zarya,Roadhog
XTRON-11725,Reinhardt,D.Va,Mercy,Winston,Moira
BALE-31400,Soldier: 76,Bastion,Reinhardt,Winston,Mercy
TerraWalker-11539,Brigitte,Moira,Lúcio,Ana,Baptiste
Saltric-11623,Genji,Pharah,Soldier: 76,Zarya,Junkrat
BlindBandit-21766,D.Va,Torbjörn,Lúcio,Ana,Zarya
Crywing-2409,McCree,Tracer,Soldier: 76,Roadhog,Zarya
nice-2335,Zarya,Roadhog,Winston,Reinhardt,Orisa
Burpyperpy-1371,Widowmaker,McCree,Hanzo,Junkrat,Tracer
Macbeth-2664,Genji,McCree,Pharah,Roadhog,Zarya
KnuckleBob-11435,Lúcio,McCree,Zenyatta,Soldier: 76,Ana
Marow-11487,Zarya,Zenyatta,D.Va,Roadhog,Soldier: 76
Exils-2214,McCree,Tracer,Genji,Ana,Widowmaker
Reed-21567,Hanzo,Genji,Widowmaker,Lúcio,McCree
Nimring-2534,Roadhog,Ana,Mei,Winston,Mercy
KevTheKoala-1766,Genji,Hanzo,Soldier: 76,Lúcio,Reaper
QuavoSensei-1416,Widowmaker,Genji,McCree,Roadhog,Hanzo
Erasing-1370,Winston,Reinhardt,Roadhog,Hanzo,Ana
BanFly-2537,Soldier: 76,Pharah,Hanzo,Roadhog,McCree
Rammion-11475,Lúcio,Mercy,Ana,Hanzo,Widowmaker
Andrew-1661,McCree,D.Va,Soldier: 76,Torbjörn,Hanzo
Brohimo-1895,Mercy,Mei,Reinhardt,Baptiste,Doomfist
Upright-1216,Doomfist,Genji,Hanzo,Widowmaker,Reaper
Monocratic-1249,Hanzo,Ana,Tracer,Widowmaker,McCree
ICEWALK-11233,Widowmaker,Soldier: 76,Reaper,Pharah,McCree
solidtrooper-1292,Tracer,Lúcio,Genji,Widowmaker,Wrecking Ball
Onni888-2754,Hanzo,McCree,Doomfist,Zarya,Genji
Howeezzy-1398,Genji,Reinhardt,Ana,Tracer,Mei
JLSchofield-2567,D.Va,Reinhardt,Orisa,Tracer,Pharah
Soloblade-1768,Tracer,Soldier: 76,Zarya,Mercy,D.Va
SaiNotPsy-2691,Widowmaker,Symmetra,Genji,Hanzo,Tracer
shruja-1162,Reinhardt,Roadhog,Zarya,Sigma,D.Va
PvP-11100,Torbjörn,Widowmaker,Junkrat,Reinhardt,Roadhog
swooby-11186,Doomfist,Hanzo,Junkrat,Widowmaker,Roadhog
GooseyGander-21904,Lúcio,Mercy,Tracer,Symmetra,Sombra
Sushibob-1695,Hanzo,D.Va,Junkrat,Mei,Torbjörn
Medicine-11700,Mercy,Sombra,Ana,Moira,Zarya
Xire-2253,Zenyatta,Soldier: 76,Lúcio,Winston,Moira
Ongaar-1705,Genji,McCree,Soldier: 76,Widowmaker,Zarya
Kyle-16316,McCree,Zarya,Tracer,Pharah,Mei
Umpa-21306,Reinhardt,Ana,Brigitte,Pharah,Roadhog
WildWolf-224927,McCree,Reinhardt,Reaper,Junkrat,Genji
SavageFilth-1934,Mei,Mercy,Torbjörn,Pharah,Hanzo
ThisAintBob-2283,Reinhardt,McCree,Roadhog,D.Va,Junkrat
MStranger-21833,Genji,Hanzo,Junkrat,D.Va,McCree
Quadril-1114,Lúcio,Genji,Tracer,Moira,Ana
Hacksign-11556,Ashe,Hanzo,Doomfist,Soldier: 76,McCree
Krisp-21202,D.Va,Hanzo,Reaper,Baptiste,Zarya
KastriTsan-2580,Hanzo,Widowmaker,Genji,Junkrat,Soldier: 76
NoYou2-2394,D.Va,Soldier: 76,McCree,Moira,Winston
BabyRein-2689,Wrecking Ball,Roadhog,Winston,Brigitte,Lúcio
Dovahkitten-2379,McCree,Genji,Tracer,Hanzo,Soldier: 76
Flaboogle-1669,Widowmaker,Tracer,Genji,McCree,Lúcio
BAZZAGAZZA-2518,Hanzo,Reinhardt,Moira,Mercy,Wrecking Ball
CrazyShadow-21580,Genji,Hanzo,Widowmaker,McCree,Pharah
Evottoman-1134,Lúcio,Reinhardt,Genji,McCree,Hanzo
Syuro-2738,Mercy,Genji,Hanzo,Widowmaker,Soldier: 76
JET-22833,Mercy,Reinhardt,Roadhog,Ana,Hanzo
FULLOFHELL-11300,Roadhog,Lúcio,Reinhardt,Zarya,Zenyatta
Mimic-11379,Hanzo,McCree,Reinhardt,Roadhog,Widowmaker
Ninjabossbro-1642,Genji,Hanzo,Widowmaker,McCree,D.Va
PointLess-21593,McCree,Genji,Soldier: 76,Tracer,Orisa
Spells38-2978,Genji,McCree,Soldier: 76,Hanzo,Junkrat
TPPH-21540,Lúcio,Genji,Widowmaker,Tracer,Ana
Zero-118558,Ana,McCree,Zenyatta,Widowmaker,Orisa
Connecting-11336,Genji,Hanzo,Mercy,Lúcio,D.Va
DogOTronMK1-1154,Genji,Zenyatta,Ana,Tracer,D.Va
TheProfessor-11474,Junkrat,Hanzo,Soldier: 76,McCree,Mercy
BlueJaguar-11253,Zarya,Roadhog,Mercy,Reinhardt,Ana
LordItachi-11656,D.Va,Moira,Mercy,Pharah,Brigitte
Tyche-11882,Pharah,Doomfist,McCree,Roadhog,Zarya
WozwalD-2881,Widowmaker,Ashe,Wrecking Ball,Winston,Bastion
GeiNeega-2635,Widowmaker,McCree,Roadhog,Ana,Hanzo
Sk1LL0-1164,Widowmaker,Zarya,Wrecking Ball,McCree,Torbjörn
Rastical-1200,Widowmaker,Hanzo,Genji,McCree,Soldier: 76
Thanatok-2314,D.Va,Pharah,Moira,Roadhog,Lúcio
thegreatgila-1486,Roadhog,Widowmaker,Wrecking Ball,Pharah,Genji
WolfFangFist-11317,Moira,Tracer,Mei,Roadhog,Baptiste
Near-11421,Zenyatta,D.Va,Ana,Widowmaker,Mercy
Gucci-11308,McCree,Pharah,Tracer,Genji,Ana
MooseMunch-11132,Hanzo,McCree,Zenyatta,Reaper,Wrecking Ball
CaRLeSGo-2550,Zenyatta,McCree,Widowmaker,Ashe,Roadhog
Geny-21909,Genji,Doomfist,Hanzo,Tracer,Widowmaker
PurpleAster-1857,Soldier: 76,Reinhardt,Lúcio,Bastion,Widowmaker
FrozenToilet-11872,Widowmaker,Moira,Mercy,Reinhardt,Bastion
Shakti-1500,Soldier: 76,Hanzo,Genji,Widowmaker,McCree
wotwow-2734,Roadhog,Pharah,Bastion,Lúcio,D.Va
Autonomy-11175,Zenyatta,Mei,Lúcio,Widowmaker,Pharah
NeiLo-21125,Genji,Tracer,Soldier: 76,Widowmaker,Hanzo
Horddus-1868,Zenyatta,D.Va,Orisa,Zarya,Moira
ReDo-11788,Hanzo,Widowmaker,Genji,Tracer,Lúcio
MAIN-11280,Widowmaker,Zenyatta,Brigitte,Reaper,D.Va
Lyreen-1122,Pharah,Hanzo,Doomfist,Junkrat,Ashe
Billyfun4-1321,D.Va,Mei,Hanzo,Soldier: 76,Tracer
BabySquib-1123,McCree,Genji,Ana,Doomfist,Lúcio
MIRAGE-22984,Genji,Hanzo,Roadhog,Reaper,Widowmaker
Sixowe-1740,Pharah,Winston,Torbjörn,Soldier: 76,Junkrat
Seekay-1489,Reaper,Hanzo,McCree,Genji,Reinhardt
Eru-21826,Hanzo,Genji,McCree,Tracer,Lúcio
Kabiri-11597,Genji,Tracer,Mercy,Pharah,Soldier: 76
Dboy-11352,Widowmaker,McCree,Soldier: 76,Junkrat,Genji
Jeydon-1346,Ana,Moira,Mercy,Widowmaker,Zenyatta
WorldXI-3407,Mercy,Zarya,Ana,Lúcio,Soldier: 76
CapsLock-12112,Sigma,Lúcio,Wrecking Ball,D.Va,McCree
Zork-21195,Reinhardt,Winston,Hanzo,Roadhog,Moira
iddomarks-2368,Widowmaker,Hanzo,Reaper,Pharah,Tracer
Mobu-21513,Genji,Hanzo,McCree,Widowmaker,Ashe
BrittleBunch-1271,Tracer,D.Va,Symmetra,Zenyatta,Zarya
DaethChanter-1524,Mercy,Symmetra,Ana,Junkrat,Moira
Squilter-21876,Genji,Widowmaker,Reaper,Mercy,Sombra
HanaSong-2556,D.Va,Reinhardt,Orisa,Junkrat,Wrecking Ball
Ecoe-2680,Reaper,D.Va,Ana,Mercy,Junkrat
NoWay-21876,Hanzo,Roadhog,Wrecking Ball,Pharah,Tracer
Ranger-1165,Widowmaker,Genji,Tracer,D.Va,Hanzo
Muse-4514,Tracer,McCree,Genji,Widowmaker,Soldier: 76
xXSailorXx-11709,Mei,Hanzo,Junkrat,Widowmaker,Symmetra
Lara-22267,D.Va,Mercy,Mei,Widowmaker,Moira
Fartdumpster-1478,Zenyatta,Zarya,Reinhardt,Winston,Symmetra
livwel-1854,Widowmaker,Mercy,Reaper,Junkrat,Hanzo
Sanhe-2694,Mercy,Ana,Moira,Baptiste,Symmetra
Menkai-2175,Junkrat,Hanzo,Moira,Lúcio,Mei
Mau4mo-2456,Hanzo,Reaper,Tracer,Widowmaker,Soldier: 76
DownrightDan-11465,Hanzo,McCree,Soldier: 76,Winston,Roadhog
FoboJack-2227,Reinhardt,Winston,Zarya,Hanzo,Roadhog
EvilSlayer-11705,D.Va,McCree,Moira,Junkrat,Genji
VIVI-11482,Ana,Tracer,Mercy,Widowmaker,Zenyatta
Hexanoon-2318,Reaper,Roadhog,Tracer,Mei,Soldier: 76
Craven-11727,McCree,Soldier: 76,Genji,Junkrat,Widowmaker
Ordy-11119,Roadhog,McCree,Zenyatta,Ashe,Widowmaker
Splin-2122,Tracer,Reaper,Soldier: 76,Junkrat,Orisa
Sketchy-11229,Junkrat,Widowmaker,Ana,Roadhog,Hanzo
COBALTEZ-1389,D.Va,Ana,Reinhardt,Winston,Zarya
Miryou-21933,Ana,Widowmaker,Lúcio,Pharah,Genji
BitCoinBoi-2682,Hanzo,Genji,Doomfist,McCree,Tracer
Melibellule-2553,Mei,Tracer,Mercy,Symmetra,Moira
EmpTy-11632,McCree,Reaper,Moira,Hanzo,Mei
Natsu-14147,Lúcio,Genji,Ashe,Widowmaker,Doomfist
babubabu-31473,Hanzo,McCree,Widowmaker,D.Va,Ana
MrTzuo-1358,Genji,McCree,Doomfist,Reinhardt,Reaper
kcboy23-1186,D.Va,Wrecking Ball,Moira,Sigma,Reaper
Maxwell-12692,Pharah,Widowmaker,Tracer,Soldier: 76,McCree
MamboNo5-11480,Mercy,Lúcio,Ana,Reinhardt,Moira
stixy-21729,Hanzo,Widowmaker,Genji,McCree,D.Va
Silent-1581,Pharah,Junkrat,Mercy,Soldier: 76,Symmetra
Aeropera-1980,Mei,Junkrat,Reinhardt,Pharah,Torbjörn
WhatTheFrog-21642,Reaper,Soldier: 76,Reinhardt,Genji,McCree
GoldenEye-21416,Widowmaker,Pharah,Ana,McCree,Mercy
LittleBuddy-11283,Genji,Widowmaker,Soldier: 76,McCree,Hanzo
mydadleftme-2459,Ana,Mercy,D.Va,Tracer,Zarya
Jenni-11920,Widowmaker,Mercy,D.Va,Ana,Pharah
hxxd-11203,Genji,Reinhardt,Doomfist,Winston,Roadhog
Jarne-21900,Widowmaker,Hanzo,Soldier: 76,Genji,Pharah
TAIWANLAMBO1-1193,Mercy,Soldier: 76,Reinhardt,Roadhog,Zarya
nevix-21602,Zarya,Orisa,Reinhardt,Widowmaker,Baptiste
TrojkaGreen-2432,Moira,Sigma,Ana,Reinhardt,Baptiste
Quaccz-2719,Genji,Hanzo,Tracer,McCree,Widowmaker
Cracked-11740,Hanzo,Widowmaker,Tracer,McCree,Soldier: 76
False-1682,Roadhog,Doomfist,Soldier: 76,Wrecking Ball,Hanzo
Brainafk-21917,Ana,Lúcio,Soldier: 76,Widowmaker,Genji
Choochooshoe-21412,Symmetra,Ashe,Wrecking Ball,D.Va,Hanzo
Kentai-21400,Genji,Tracer,Widowmaker,McCree,Hanzo
SakeMadaMada-1579,Reinhardt,Ana,Soldier: 76,Roadhog,D.Va
Daru-1311,Reinhardt,Zarya,Roadhog,McCree,Lúcio
Jjenny-2675,Bastion,Reinhardt,Widowmaker,Mercy,Pharah
white00007-1179,Hanzo,Zenyatta,Soldier: 76,McCree,Torbjörn
NOPE-21194,McCree,Zenyatta,Zarya,Ana,D.Va
SLT4LYFE-1722,Genji,Tracer,Pharah,D.Va,Widowmaker
Dropshock-11353,Mei,Sombra,Pharah,Orisa,Zarya
PlatanoNegro-1454,Lúcio,Tracer,D.Va,Ana,Genji
Thanoscar-1345,Zarya,Moira,Ana,Baptiste,Mercy
BlitzBolt39-1709,Genji,Tracer,Widowmaker,Hanzo,McCree
Xelone-2260,Genji,Roadhog,McCree,Widowmaker,Hanzo
Joonamus-21248,Roadhog,McCree,Reaper,Hanzo,Reinhardt
RoosterKaw-1133,Widowmaker,Junkrat,Roadhog,McCree,Reinhardt
GVJ-11238,Genji,Tracer,Ana,Ashe,Lúcio
water-12291,Genji,Hanzo,McCree,Reaper,Ana
Attorneysayn-1268,Doomfist,Reinhardt,Hanzo,Orisa,Sigma
Denma-3888,Hanzo,Soldier: 76,Genji,Pharah,Tracer
XAv-11580,Genji,Widowmaker,Junkrat,McCree,Ana
Lemur-11194,Roadhog,Wrecking Ball,Genji,Reinhardt,Lúcio
Eternity-22753,Roadhog,Hanzo,Ana,Soldier: 76,McCree
Meijor-1953,Mei,Mercy,Pharah,Soldier: 76,Reinhardt
Housekeys-11698,Tracer,McCree,Winston,Widowmaker,Lúcio
Citizen-11588,Reinhardt,Mercy,Orisa,Junkrat,Lúcio
Cersei-21739,Junkrat,Zarya,Moira,D.Va,Winston
egirl-11282,Ana,Mercy,D.Va,Zarya,Zenyatta
ObsonOP-1153,Genji,McCree,Hanzo,Reinhardt,Pharah
CROWN-11184,Hanzo,Bastion,Widowmaker,McCree,Mei
HowTall-1356,Mercy,Reinhardt,Winston,Lúcio,Junkrat
Ori-11426,Mercy,Reinhardt,Orisa,Winston,Lúcio
STORROR-21841,McCree,Tracer,Ashe,Sombra,D.Va
BL4DEoFSouL-1366,Tracer,Widowmaker,Soldier: 76,Hanzo,McCree
pukefacecat-1647,Roadhog,Moira,Zarya,Reaper,Ana
Siedhr-1250,Genji,McCree,Widowmaker,Mercy,Ashe
TechnoVkng23-1187,Ana,Moira,Mercy,Reinhardt,Zenyatta
MonsteRacoon-2986,Wrecking Ball,Mercy,Moira,D.Va,Orisa
DakuSeiko-2275,Zarya,Roadhog,Wrecking Ball,Moira,McCree
Feline-1319,Tracer,Widowmaker,Ana,D.Va,McCree
QuirkyTurtle-2995,Ashe,Mei,Tracer,Wrecking Ball,Mercy
SeekNDstroy-21757,Widowmaker,Mercy,Tracer,D.Va,Genji
Har0ld-21943,Lúcio,Winston,Genji,Soldier: 76,Tracer
Nero-21827,Symmetra,Junkrat,Soldier: 76,Moira,Torbjörn
ReversI-11821,Reinhardt,Winston,Wrecking Ball,Doomfist,Ana
StarSwayer-1746,McCree,Genji,Tracer,Roadhog,Ana
Gorriona-21968,McCree,Widowmaker,Genji,Doomfist,Tracer
dSell-11946,McCree,Widowmaker,Genji,Hanzo,Ashe
LaCaym-2584,Mercy,Zenyatta,Ana,Moira,D.Va
MUSELK-21665,McCree,Hanzo,Widowmaker,Genji,Reinhardt
Pahnda-1555,McCree,Widowmaker,Hanzo,Reaper,Genji
Nemo-23611,Moira,D.Va,Mei,Roadhog,Winston
REDRACER-3879,Genji,Tracer,Widowmaker,Doomfist,Hanzo
Doracin-2354,McCree,Hanzo,Widowmaker,Sombra,Soldier: 76
JetStorm-1982,McCree,Doomfist,Hanzo,Soldier: 76,Zarya
PvPtwitch-2991,D.Va,Junkrat,McCree,Genji,Hanzo
Reckter-1527,McCree,Hanzo,Widowmaker,Soldier: 76,Roadhog
Morgulis-11567,Widowmaker,Soldier: 76,Tracer,Junkrat,D.Va
Kitty-24377,Mercy,D.Va,Zarya,Lúcio,Ana
Maibee-2582,D.Va,Mercy,Widowmaker,Bastion,Sombra
Jiose-1121,Hanzo,Tracer,Soldier: 76,Roadhog,McCree
Progn-1892,Lúcio,Doomfist,Ana,Widowmaker,Roadhog
Ischozar-2860,Ana,Hanzo,Zenyatta,Zarya,Junkrat
Mechromancer-21474,Ashe,Moira,McCree,Ana,Reaper
Loserfruit-21779,D.Va,McCree,Moira,Mercy,Ana
Hima-21822,Tracer,Roadhog,Zenyatta,Winston,Reinhardt
Ronsau2018-2444,McCree,Sigma,Orisa,Reaper,Reinhardt
Penguin-22896,Reinhardt,Zenyatta,Roadhog,Lúcio,Ana
FURY-31982,Genji,Reinhardt,Mei,Pharah,D.Va
Scarsy-1532,Ana,Lúcio,Widowmaker,McCree,Zenyatta
Pakman-11739,Ana,McCree,Hanzo,Doomfist,Genji
Skyfighter64-21114,Widowmaker,D.Va,Orisa,Mercy,Symmetra
Poetz-1321,Junkrat,Moira,Reinhardt,Zenyatta,Bastion
AlphaXeno-1624,Roadhog,Genji,Doomfist,Reinhardt,Reaper
garyglitta-1231,Zenyatta,Wrecking Ball,Winston,Pharah,Reaper
exe-11586,Roadhog,Doomfist,Winston,Hanzo,Wrecking Ball
Justin-17293,Genji,Tracer,Ana,Widowmaker,Junkrat
memecreator-2836,Widowmaker,D.Va,Genji,Junkrat,Ashe
Davu-11798,Junkrat,Moira,Soldier: 76,Bastion,Reaper
Shredda-2316,Widowmaker,Junkrat,Hanzo,Tracer,Mei
AverageJoe-21875,Torbjörn,Reinhardt,Junkrat,Zarya,Soldier: 76
Silver-24519,Widowmaker,Junkrat,Reaper,Sombra,Hanzo
Collapse-11712,Soldier: 76,McCree,Genji,Pharah,Widowmaker
Kimzo-11577,Tracer,Brigitte,Widowmaker,Roadhog,Hanzo
DrAce-11521,Wrecking Ball,Widowmaker,Ana,Genji,Hanzo
Ogarius-21498,McCree,Widowmaker,Hanzo,Ashe,Junkrat
scoreleyx-1755,Lúcio,Hanzo,Doomfist,Reaper,Moira
bmwmb1-1363,Soldier: 76,Mei,Zarya,Reinhardt,Genji
MuffinMan-12434,Torbjörn,Mei,Hanzo,Widowmaker,Ana
Rebelmif-2733,Genji,Reaper,Hanzo,Reinhardt,Mercy
FoddeR-1665,Doomfist,Winston,McCree,Zarya,Widowmaker
ZachZ-11421,Reinhardt,Moira,Mercy,Lúcio,Soldier: 76
Pinoci-2504,Reinhardt,Junkrat,D.Va,Winston,Reaper
MiniNinja-234880,Hanzo,Soldier: 76,Widowmaker,McCree,Wrecking Ball
Fol-21649,Genji,Doomfist,McCree,Pharah,Hanzo
TrolliNolli-1689,Tracer,McCree,Hanzo,Mercy,Pharah
RedGoose-11931,Reaper,Genji,Doomfist,Widowmaker,Hanzo
Bech-11985,Soldier: 76,McCree,Roadhog,D.Va,Reinhardt
Atom4399-1687,McCree,Pharah,Ana,Zarya,Tracer
Sassy-2166,Widowmaker,Mercy,Tracer,D.Va,Symmetra
Memb3r-2970,Widowmaker,Mercy,Zenyatta,Pharah,Ana
Skomo-1566,Reinhardt,D.Va,Ana,Lúcio,Winston
DeleteBrig-1530,Genji,Doomfist,Widowmaker,McCree,Hanzo
Razse-21353,Wrecking Ball,Ana,Moira,D.Va,Reinhardt
JoeThe3-1875,Genji,Widowmaker,Doomfist,Hanzo,Winston
Xeanix-21899,Hanzo,Widowmaker,Genji,Pharah,McCree
ImEdible-21436,Lúcio,Ana,Zenyatta,Moira,Sombra
Aluudon-2974,Ana,Widowmaker,McCree,Pharah,Genji
Glacen-2673,Genji,Lúcio,Hanzo,Reinhardt,Soldier: 76
ASUNA-31481,Genji,Widowmaker,Soldier: 76,McCree,Hanzo
SleepyBear-115623,Roadhog,Ana,Hanzo,Zarya,McCree
nadav1283-21665,Soldier: 76,Roadhog,D.Va,Hanzo,Tracer
Khoro-2844,Tracer,D.Va,Junkrat,Reinhardt,Brigitte
Jenesis-11905,Ana,Doomfist,Baptiste,D.Va,Moira
Kitten-12431,Mercy,Lúcio,Symmetra,D.Va,Mei
Bread-12643,Tracer,Hanzo,Torbjörn,Reaper,Junkrat
Viktor-1746,Roadhog,Soldier: 76,Mei,Tracer,Symmetra
okay-11231,Soldier: 76,McCree,Tracer,Hanzo,Roadhog
Parkour-1173,D.Va,Reinhardt,Soldier: 76,Zenyatta,Hanzo
Hydrad-1872,Zenyatta,McCree,Wrecking Ball,Winston,Doomfist
Vico-21884,Ana,Zarya,Lúcio,Zenyatta,Widowmaker
kietai-2328,Genji,Sombra,Tracer,Ana,Doomfist
Pipit-11269,Tracer,McCree,Sombra,Ana,Pharah
MoMo-14985,Genji,Hanzo,Ana,Wrecking Ball,Roadhog
Banana-12229,Genji,Hanzo,McCree,Roadhog,Zarya
WinstonOp-2441,Winston,Genji,Tracer,Widowmaker,Reinhardt
Gandalf-24268,Genji,McCree,Widowmaker,Tracer,Hanzo
TwoStressed-2845,Genji,Doomfist,Reinhardt,Widowmaker,Tracer
Ziscko-2913,D.Va,Zarya,Reinhardt,Junkrat,Genji
OverClocked-11409,Widowmaker,Ana,Roadhog,Hanzo,Zenyatta
Dudumaffi-1144,Mercy,Lúcio,McCree,Winston,Genji
Complextro-1886,Mercy,Reinhardt,Roadhog,Lúcio,Junkrat
Clev-21354,Hanzo,Mei,McCree,Widowmaker,Genji
BigBrother9-2875,Genji,Reaper,Tracer,Hanzo,McCree
Greed-1955,Genji,McCree,Reinhardt,Hanzo,Widowmaker
데린이-3667,Widowmaker,Soldier: 76,Ana,Lúcio,Wrecking Ball
DeimosCZ-2149,Widowmaker,Soldier: 76,Pharah,Ana,Hanzo
Flummox-11612,Reinhardt,Genji,Hanzo,Winston,Widowmaker
unit-21611,Soldier: 76,Widowmaker,Genji,Pharah,Zarya
Zeno-21468,Genji,Hanzo,Lúcio,Junkrat,Tracer
Obi-21825,Genji,Hanzo,Ana,Zenyatta,McCree
memelord-11963,Genji,Hanzo,McCree,Widowmaker,Ashe
LauraRuby-2255,Genji,Widowmaker,Ana,D.Va,Sombra
Azazel-14428,Tracer,Reaper,Ashe,Soldier: 76,McCree
dliwehtotni-1458,Ana,Roadhog,McCree,Tracer,Hanzo
Zylex-11462,Genji,Hanzo,McCree,Roadhog,Ana
Aluken-11470,Hanzo,Soldier: 76,Junkrat,Bastion,Pharah
Lunar-22338,Junkrat,Symmetra,Soldier: 76,D.Va,Sombra
EEkO-11568,Widowmaker,Doomfist,McCree,Hanzo,Zarya
Snek-4505,Ana,Reaper,Genji,Widowmaker,Tracer
Prodigy-12898,Genji,Widowmaker,McCree,Doomfist,Symmetra
Ramen-11185,Roadhog,Hanzo,McCree,Genji,Sigma
Ace-16231,Widowmaker,Hanzo,Soldier: 76,McCree,Ana
Drizzle-11917,Reaper,Roadhog,Reinhardt,Zarya,Brigitte
Nessy-21104,Junkrat,McCree,Roadhog,Soldier: 76,Widowmaker
Razubi-1298,Mercy,Moira,D.Va,Tracer,Soldier: 76
Wildcard-11708,D.Va,Tracer,Zarya,Ashe,Soldier: 76
Destroyer12-21728,Genji,Ana,Doomfist,Widowmaker,McCree
Banshee-21157,Junkrat,Torbjörn,Widowmaker,Hanzo,Soldier: 76
MAGA95REGION-2508,Widowmaker,Soldier: 76,Hanzo,McCree,Tracer
C4osB-1944,Soldier: 76,Tracer,Reaper,Junkrat,Genji
Shniper-1461,McCree,Soldier: 76,Hanzo,Junkrat,Pharah
Jaxs-11498,D.Va,Roadhog,Lúcio,Ana,Zenyatta
ares33-21668,Lúcio,Ana,Doomfist,Mercy,Reinhardt
EnvisioniZe-2713,Hanzo,Doomfist,Widowmaker,Genji,Reinhardt
ItsnotLuck-11200,Widowmaker,Genji,Hanzo,McCree,Tracer
woff-21927,Zarya,Ana,Lúcio,Soldier: 76,McCree
Pandaa-21622,Mercy,D.Va,Ana,Zenyatta,Soldier: 76
bigrigjoe-1594,Ana,Reinhardt,Mercy,Tracer,Lúcio
SAYA-31470,Moira,Genji,Wrecking Ball,Sombra,Ana
duartrex-1490,McCree,Genji,Widowmaker,Ashe,Tracer
benD-2378,Pharah,Junkrat,Mei,D.Va,Zarya
Haywire-11260,Doomfist,Lúcio,Zenyatta,Orisa,Genji
ardillon-11424,Brigitte,Tracer,Lúcio,Junkrat,Widowmaker
vlad-212606,Junkrat,McCree,Soldier: 76,Ana,Roadhog
toolbear-1169,Sombra,Mei,Torbjörn,Winston,Pharah
WhyYouSoCute-2382,Pharah,Orisa,Hanzo,Soldier: 76,Roadhog
Ozziv-2290,Widowmaker,Hanzo,Genji,McCree,Tracer
Jaitoko-1530,Doomfist,Mercy,Ana,Lúcio,Sombra
Ray-12168,Lúcio,D.Va,Torbjörn,Mercy,Reinhardt
QED-11757,Widowmaker,Tracer,Genji,McCree,Zarya
WorstMercy-1881,Widowmaker,McCree,Symmetra,Mercy,Genji
Hyyper-11561,McCree,Genji,Tracer,Widowmaker,Hanzo
Sorrento-11595,D.Va,Junkrat,Genji,Reinhardt,Hanzo
QSE-21359,Moira,Hanzo,McCree,Ana,Widowmaker
ZeroHP-21706,Reinhardt,Orisa,Roadhog,Zarya,Ana
FreeCalories-1851,Lúcio,Pharah,Widowmaker,McCree,Junkrat
Cheesus-21644,Lúcio,Junkrat,Pharah,Mercy,Reinhardt
Saucey-11485,Doomfist,Genji,Hanzo,McCree,Junkrat
Don-31182,Widowmaker,Genji,Mercy,McCree,Tracer
DeNisSL-2287,Junkrat,Ana,Mercy,Orisa,Zarya
depression-21975,Tracer,Widowmaker,Genji,McCree,Doomfist
CapnFletch-1819,Reinhardt,Genji,Winston,Sigma,Lúcio
Mouse-22443,Soldier: 76,Zenyatta,Ana,Hanzo,Pharah
L4ZY-21372,Reinhardt,Doomfist,Roadhog,Widowmaker,Zarya
JoTheBro88-1378,Genji,Junkrat,Hanzo,D.Va,McCree
PEAKE-11180,Genji,Pharah,Ana,McCree,Doomfist
Stampy-11519,Lúcio,Wrecking Ball,Ana,Reinhardt,Roadhog
Dinkiwhirl-2421,Ana,Roadhog,Widowmaker,Hanzo,Sombra
owISfun-1774,Widowmaker,Genji,McCree,Hanzo,Reaper
Smitty-1877,Wrecking Ball,Moira,Ana,Roadhog,Brigitte
やさしさ-11733,Hanzo,D.Va,Tracer,Soldier: 76,Lúcio
PinoColada-1651,Mei,Widowmaker,Pharah,McCree,Zarya
Dokuro-21489,D.Va,Mei,Widowmaker,Doomfist,Soldier: 76
MasterOogway-21710,Orisa,Reinhardt,Hanzo,Winston,Wrecking Ball
Eugene-3519,Genji,Tracer,Zarya,Ana,Bastion
Kai-21821,Widowmaker,McCree,Genji,Hanzo,Tracer
GucciJeans-1773,Soldier: 76,Winston,Pharah,Junkrat,Symmetra
Dawningdevil-2468,Mercy,D.Va,Pharah,Reinhardt,Reaper
Wako-21977,Tracer,Genji,Widowmaker,Hanzo,McCree
Alucard-16245,Genji,Hanzo,McCree,Ana,Doomfist
Allylove133-1394,Mercy,Symmetra,Ana,Sombra,D.Va
JonSnuw-1266,Genji,McCree,Ana,Hanzo,Widowmaker
DoomSlayer-21961,Soldier: 76,Reaper,Reinhardt,Tracer,Hanzo
CULTure-11416,Sigma,Reinhardt,Roadhog,Genji,Winston
TweakingHard-1946,McCree,Roadhog,Soldier: 76,Hanzo,Tracer
Eagalus-2860,McCree,Hanzo,Reinhardt,Widowmaker,Winston
QWERTY-12292,McCree,Soldier: 76,Reaper,Pharah,Hanzo
Sk8terCat-2406,Doomfist,Hanzo,Widowmaker,Sigma,Brigitte
WHYUMAD-21985,McCree,Genji,Doomfist,Winston,Roadhog
mangydawg-2979,Reinhardt,Symmetra,Bastion,Torbjörn,Soldier: 76
dogs-11791,Tracer,Lúcio,D.Va,Pharah,Zenyatta
ȄdwaȐd-2214,Lúcio,Roadhog,Reaper,Torbjörn,Soldier: 76
Ronin-12127,Genji,Hanzo,Ana,Reaper,McCree
Frosty-24730,Ana,Brigitte,Hanzo,Zenyatta,Baptiste
despacito-1961,Reinhardt,Roadhog,Junkrat,Moira,Orisa
NEZUKO-11967,Doomfist,Roadhog,Ana,Sigma,Reaper
ScubaSteve-11311,Soldier: 76,Pharah,Mei,Junkrat,Reaper
toumi7-2805,Genji,Widowmaker,Ana,Hanzo,Lúcio
Humid-11108,Genji,Roadhog,Zarya,Reinhardt,Winston
CoolScoots-1233,Mercy,Ana,Lúcio,Tracer,Reinhardt
jlau-11883,Ana,Tracer,Widowmaker,Winston,Hanzo
김재원-31744,Genji,McCree,Widowmaker,Mei,Junkrat
Kyuso-21706,Ana,Widowmaker,Sombra,Genji,Zenyatta
kasp122-2524,Genji,Hanzo,Roadhog,Zarya,Junkrat
ветчина-21787,Roadhog,Wrecking Ball,Doomfist,Widowmaker,McCree
sunnyd-11552,Hanzo,Genji,McCree,Roadhog,D.Va
SAGE-12110,Ana,Zenyatta,Winston,Reinhardt,Zarya
HeyMarseille-1117,Roadhog,Wrecking Ball,D.Va,McCree,Doomfist
FUNTASTIC-21295,Orisa,Winston,Ana,Moira,Reinhardt
sciz4point0-1926,Genji,Tracer,Widowmaker,Hanzo,McCree
yup-11417,Widowmaker,Hanzo,McCree,Genji,Tracer
peepo-11100,Genji,Wrecking Ball,Tracer,Widowmaker,Winston
Zedee-1348,Roadhog,McCree,Zarya,Reinhardt,Soldier: 76
wristbump-1734,D.Va,Ana,Genji,Junkrat,Roadhog
BlizzardZx-1767,Doomfist,Widowmaker,Ana,Reaper,McCree
Pexidus-2264,Reinhardt,Genji,Winston,Mercy,McCree
FuzionVizion-1695,Hanzo,Roadhog,Genji,Soldier: 76,Reinhardt
hoppin-11390,McCree,Pharah,Zarya,Genji,Roadhog
GreenThyme-1155,Lúcio,Ana,Zenyatta,Roadhog,Reaper
Luvkip-1249,Mei,Tracer,Sombra,Ana,D.Va
blink-12164,McCree,Roadhog,Widowmaker,Pharah,Soldier: 76
PƐNNY4URTHOT-1808,Zenyatta,Moira,Lúcio,Ana,Sigma
Excavy-1857,Hanzo,McCree,Genji,Reinhardt,Roadhog
Vash-12369,Genji,McCree,Widowmaker,Hanzo,Doomfist
McLovin-1812,Pharah,Hanzo,Tracer,Widowmaker,Mei
WRECKINKRU2K-2778,D.Va,Winston,Pharah,Hanzo,Lúcio
TheUberMiko-2464,Lúcio,Reinhardt,Zenyatta,Winston,Ana
Frewiel-2308,Hanzo,Lúcio,Genji,Orisa,Ana
Joker-211207,Genji,Ana,McCree,Zarya,Zenyatta
Hus-11365,Genji,Widowmaker,McCree,Tracer,Pharah
Vexua-2492,Tracer,Widowmaker,Genji,McCree,Pharah
Nucl3ar-11416,Reinhardt,Roadhog,Wrecking Ball,Winston,Widowmaker
Liek-11404,Widowmaker,Tracer,Ana,Lúcio,Genji
AvAtAr-22131,Symmetra,Tracer,Widowmaker,Roadhog,Torbjörn
ĬŗǿŋĄȋđŝ-2464,Hanzo,Genji,Doomfist,Roadhog,Symmetra
retnuh-11327,Widowmaker,Tracer,Genji,Hanzo,McCree
WarriorGuigo-2359,Genji,Hanzo,Widowmaker,Doomfist,Tracer
Horchata-11570,Ana,McCree,Lúcio,Roadhog,Reinhardt
Greatestguy-11358,Moira,Baptiste,Ashe,Zenyatta,Mei
PrinceCats-1135,Roadhog,Wrecking Ball,Soldier: 76,McCree,D.Va
zhaipaa-2922,Genji,McCree,Tracer,Junkrat,Winston
Bezpalivo-2209,Genji,McCree,Hanzo,Ana,Roadhog
Peittomies-2105,Roadhog,Genji,Zenyatta,Reinhardt,Zarya
Neskimo-11678,Roadhog,McCree,Mercy,Reinhardt,Ana
Streamer-11791,Pharah,Ashe,McCree,Genji,Doomfist
Khry-11982,Widowmaker,Hanzo,Pharah,Tracer,McCree
Astro-21386,Zenyatta,Ana,D.Va,Genji,Soldier: 76
Mahizzta-2162,Genji,Hanzo,Widowmaker,Tracer,Pharah
Tanner-12656,Genji,Zenyatta,Widowmaker,Hanzo,Ashe
BoneCrusher9-11987,Widowmaker,Genji,Tracer,McCree,Roadhog
zYKK-21235,McCree,Genji,Lúcio,Widowmaker,Mercy
R3M1X-21356,Hanzo,Lúcio,Reaper,Mei,Widowmaker
Lum-11478,Lúcio,Widowmaker,Tracer,Doomfist,Genji
Agonius-1335,Genji,Hanzo,McCree,Widowmaker,Soldier: 76
Monjin-21534,Tracer,Genji,McCree,Ana,Zenyatta
Forestfire-21268,McCree,Junkrat,Reaper,Wrecking Ball,Roadhog
Chadddd-11396,Genji,Tracer,McCree,Reaper,Widowmaker
bananademon1-11357,Tracer,Widowmaker,Genji,McCree,Ana
Tsukuyomi-11135,Baptiste,Orisa,Doomfist,Mercy,Winston
Anto-11103,Genji,McCree,Soldier: 76,Widowmaker,Tracer
momiwantcake-1219,Reinhardt,Widowmaker,Hanzo,Mercy,D.Va
Epzz-2588,Genji,Mercy,Soldier: 76,Pharah,Tracer
sucrax-2464,Hanzo,Widowmaker,Ana,McCree,Genji
QueenB-21343,Reaper,Sombra,Roadhog,Pharah,Wrecking Ball
MKL-21123,McCree,Roadhog,Soldier: 76,Tracer,Genji
TYRQ-11199,Tracer,Genji,Widowmaker,McCree,Roadhog
NaCly-11321,McCree,Reinhardt,Roadhog,Wrecking Ball,Tracer
Tortelloni-1411,Mercy,Widowmaker,Symmetra,Hanzo,Lúcio
Skalbürg-2362,Genji,Soldier: 76,Hanzo,Roadhog,McCree
Shimada-21859,Genji,Hanzo,Widowmaker,McCree,Lúcio
HOP-11496,Genji,Tracer,Hanzo,McCree,Doomfist
Vos-3414,Widowmaker,Genji,Doomfist,Tracer,McCree
Stíle-2351,Reaper,D.Va,Wrecking Ball,Soldier: 76,Hanzo
Enhancement-11916,Zenyatta,McCree,Hanzo,Reaper,Torbjörn
David-13149,McCree,Genji,Roadhog,Hanzo,Tracer
Clementine-21857,McCree,Tracer,Genji,Hanzo,Roadhog
Searchy-1112,Hanzo,McCree,Lúcio,Genji,Ana
Hyung-11409,Genji,Doomfist,Ana,Soldier: 76,Sombra
QuickShot-1778,Soldier: 76,Reaper,Zarya,Roadhog,Mei
riseuplights-1198,Genji,McCree,Widowmaker,Hanzo,Tracer
SmashMouth-11969,McCree,Soldier: 76,Zenyatta,Doomfist,Widowmaker
Akimata-1165,Hanzo,Junkrat,Tracer,Soldier: 76,Roadhog
MrPuremoney-1245,Genji,Tracer,Widowmaker,Lúcio,Hanzo
RutgersChad-1289,Zenyatta,D.Va,Soldier: 76,Ana,Tracer
Shinobi-12796,Genji,Zenyatta,Tracer,McCree,Widowmaker
Continuum-11768,Zarya,McCree,Genji,Doomfist,Soldier: 76
Dman-12112,Genji,McCree,Tracer,Zenyatta,Ana
Jofi-21627,Lúcio,Doomfist,Widowmaker,Genji,Ana
KungFuCarl-11371,Mercy,Hanzo,Ana,McCree,Soldier: 76
Powerz-21660,Genji,Widowmaker,Tracer,McCree,Winston
POISOŊǃ-2409,Genji,Tracer,Hanzo,Soldier: 76,Zarya
UPE-31577,Widowmaker,Tracer,Ashe,Soldier: 76,McCree
Seedro-11845,Hanzo,Genji,Sigma,McCree,Doomfist
Laclima-1248,Hanzo,Widowmaker,Doomfist,McCree,Tracer
ENDLESS-21578,Hanzo,McCree,Roadhog,Soldier: 76,Tracer
Henners-2887,Genji,Hanzo,McCree,Lúcio,Ana
Pehmil-2821,Genji,Hanzo,Tracer,Widowmaker,Mercy
iFuw-2161,Widowmaker,McCree,Genji,Tracer,Hanzo
Kell-11975,Genji,Tracer,Widowmaker,McCree,Roadhog
Dunzo-11263,Winston,Pharah,Reinhardt,Hanzo,McCree
Thyme-11683,Pharah,Tracer,Doomfist,Genji,Lúcio
Luu-12105,Tracer,Hanzo,Sombra,Pharah,Soldier: 76
NoAimNoBrain-2446,Widowmaker,Hanzo,Genji,Lúcio,McCree
Vyolent-11698,Widowmaker,Hanzo,Mercy,McCree,Reaper
ǂŜǞĿŦMȊŊƐŜǂ-2258,Tracer,Ana,Winston,Zarya,Roadhog
hush-31139,McCree,Widowmaker,Genji,Tracer,Soldier: 76
Spades-1244,Reaper,McCree,Pharah,Widowmaker,Tracer
Ridder-21198,Genji,Tracer,McCree,Widowmaker,Hanzo
빵피스트-3996,Doomfist,Genji,Widowmaker,Lúcio,Mercy
Vex-12287,Junkrat,McCree,D.Va,Hanzo,Reaper
Ēsketit-1977,Doomfist,Widowmaker,Zarya,Tracer,Genji
OkaZaKi-11245,Widowmaker,Tracer,Genji,Hanzo,Soldier: 76
MediL-21398,Widowmaker,Genji,McCree,Hanzo,Pharah
귀신룡-31977,Genji,Tracer,Doomfist,Hanzo,Widowmaker
Ele-21518,Widowmaker,Mei,Lúcio,McCree,Tracer
LuckyTiger-126517,Genji,Hanzo,Widowmaker,McCree,Tracer
Apple-22765,Mercy,Zenyatta,Ana,Lúcio,Reinhardt
kitsuka-21926,Ana,Widowmaker,Pharah,Ashe,Tracer
DaddyJeff-1332,Genji,Tracer,Widowmaker,Doomfist,Ana
GamingFlame-11795,Genji,Hanzo,Junkrat,Roadhog,Bastion
who-11628,Genji,Widowmaker,Tracer,McCree,Hanzo
Ole-22815,Sombra,Ana,Wrecking Ball,Genji,Brigitte
izAvenge-1883,Genji,McCree,Tracer,Roadhog,Reinhardt
MightySnake-21282,Widowmaker,Tracer,Genji,Sombra,Zenyatta
Boo-12918,McCree,Widowmaker,Hanzo,Zenyatta,Ana
JANNEKATAJA-2451,Widowmaker,Hanzo,Tracer,Genji,McCree
Darkartas-21273,Genji,Tracer,McCree,Lúcio,Hanzo
XH3dxSh0tX-1701,McCree,Tracer,Soldier: 76,Hanzo,Widowmaker
Brandini-2346,Genji,Widowmaker,Hanzo,Tracer,McCree
P0ndaa-2203,Lúcio,Roadhog,Symmetra,McCree,Ana
Leum-11234,Genji,Widowmaker,Tracer,McCree,Hanzo
MONKEYnBOY91-2963,Doomfist,Widowmaker,Genji,Ana,McCree
BudgetML7-1985,Ashe,Tracer,Genji,Sombra,Widowmaker
KHaaLiD-21188,Genji,McCree,Widowmaker,Tracer,Zarya
Joe-16928,Junkrat,McCree,Hanzo,Mercy,Reaper
Leiðinlegur-2172,Widowmaker,McCree,Genji,Sombra,Hanzo
IZgerTe1-1428,Ana,Winston,Zarya,Wrecking Ball,Doomfist
EcHo-12739,Genji,Zenyatta,Hanzo,Soldier: 76,McCree
Specs-11360,Tracer,Pharah,Genji,Widowmaker,Hanzo
MOONLIGHT-23356,Genji,Widowmaker,Tracer,McCree,Mercy
sweetz0r-2457,Widowmaker,Ana,Lúcio,McCree,Zarya
ForSure-11879,Widowmaker,Tracer,Doomfist,Genji,McCree
Avacyn-11969,Mercy,Ana,Roadhog,Winston,Genji
austin-14255,Widowmaker,Tracer,Genji,McCree,Hanzo
Tuckerrz-2116,Genji,Roadhog,Hanzo,Symmetra,Soldier: 76
Shortypops-2640,Ana,Mercy,McCree,Roadhog,Soldier: 76
Torby-21810,McCree,Pharah,Genji,Widowmaker,Tracer
Riz-21260,Genji,Doomfist,McCree,Hanzo,Roadhog
Silenz-1460,Tracer,McCree,Zarya,Roadhog,Winston
Dino-12114,Genji,Ana,McCree,Hanzo,Widowmaker
Rady-2531,Mei,Lúcio,Ana,Hanzo,Zarya
Spatula-11993,Genji,McCree,Hanzo,Tracer,Widowmaker
ǱǊǱǊǱǊǱǊǱǊǱǊ-1262,Widowmaker,Tracer,Doomfist,Genji,McCree
Calm-11526,Tracer,Reaper,McCree,Roadhog,Widowmaker
xiveN-21868,McCree,Widowmaker,Hanzo,Genji,Pharah
Yimitra-1976,McCree,Tracer,Widowmaker,Genji,Pharah
Dashy-11525,Orisa,Mercy,Genji,Mei,D.Va
Dafran-21715,McCree,Sombra,Brigitte,Doomfist,Pharah
sab-21959,Widowmaker,Pharah,Roadhog,McCree,Ana
Skiesti-1721,Mercy,Moira,Ana,McCree,Widowmaker
RuloRulzZ-1174,Genji,Hanzo,Doomfist,Widowmaker,Tracer
Tarty-21198,Widowmaker,Zarya,Genji,Pharah,McCree
ĐunKZ-1617,Reaper,Genji,Reinhardt,Tracer,Roadhog
Polly-21263,Genji,Hanzo,Widowmaker,Roadhog,Pharah
ECKSDEE-21196,Winston,Tracer,Widowmaker,McCree,Soldier: 76
OstrichLover-21684,Widowmaker,McCree,Hanzo,Doomfist,Soldier: 76
Erki-21753,Genji,McCree,Hanzo,Widowmaker,Pharah
nani-11773,Ana,Tracer,Hanzo,Widowmaker,McCree
ALKAID17-1102,Genji,McCree,Doomfist,Ana,Zarya
Virral-11431,Junkrat,Roadhog,Widowmaker,Winston,Reaper
Kallari-1951,Widowmaker,Genji,Roadhog,McCree,Tracer
Ǵodarra-2431,Genji,Pharah,McCree,Hanzo,Junkrat
OneHugeLoad-2537,Junkrat,Moira,Widowmaker,Hanzo,Bastion
Neon-12513,Widowmaker,Tracer,Genji,McCree,Soldier: 76
Mob-11100,Widowmaker,Tracer,Genji,McCree,Ashe
Üdderly-1679,Genji,McCree,Mei,Hanzo,Widowmaker
CQB-4606,Genji,Hanzo,McCree,Reaper,Pharah
ChoccyMilk-2185,Widowmaker,Mercy,Tracer,Symmetra,Sombra
Closer-31493,Genji,Winston,D.Va,Lúcio,Zarya
markkiller57-1372,Genji,Tracer,Soldier: 76,McCree,Roadhog
Poko-2195,Torbjörn,McCree,Winston,Genji,Hanzo
Anxiety-21111,Genji,McCree,Hanzo,Widowmaker,Zarya
mL10-21445,Brigitte,Widowmaker,Genji,Moira,Zenyatta
Frenchy-12312,Mei,Hanzo,Widowmaker,Roadhog,Genji
EXPLORER-21395,Tracer,Zarya,D.Va,Roadhog,Soldier: 76
Harbleu-11647,Genji,Torbjörn,Zarya,Ana,Widowmaker
Stadium-11131,Reinhardt,Winston,Genji,Roadhog,Tracer
prinkle-1644,Ana,Zenyatta,Widowmaker,Tracer,Mercy
Skairipa-2655,Widowmaker,Mercy,Ana,Tracer,Sombra
EgZo-21136,Widowmaker,Genji,Tracer,Hanzo,Wrecking Ball
Night-12943,Genji,Widowmaker,Hanzo,Pharah,McCree
Skyver-11497,Lúcio,Mercy,Winston,Torbjörn,Reinhardt
Dove-11103,Genji,Widowmaker,Hanzo,Tracer,McCree
hakkee-2443,Genji,McCree,Hanzo,Ana,Pharah
rhysk-11357,Pharah,Sombra,McCree,Junkrat,Mei
Draven-2477,McCree,Widowmaker,Hanzo,Genji,Tracer
simpleFnK-2122,Genji,Tracer,Hanzo,Widowmaker,McCree
TheTattooDad-1345,Zarya,Winston,D.Va,Orisa,Lúcio
Aspen-11749,Mercy,Hanzo,Widowmaker,Soldier: 76,Ana
Cookie084-2224,Widowmaker,Hanzo,Genji,McCree,Tracer
SoSucre-2795,Wrecking Ball,Genji,Bastion,Reinhardt,Roadhog
누구세요-31779,Genji,McCree,Mei,D.Va,Tracer
Chubz-21363,Pharah,Widowmaker,Soldier: 76,Hanzo,Doomfist
Abbs-2788,Widowmaker,Genji,Lúcio,Reinhardt,Reaper
Churro-11840,Winston,Roadhog,Genji,Lúcio,Hanzo
Crispy-11531,Symmetra,Torbjörn,Wrecking Ball,Sigma,Mercy
Azzo-21112,Zenyatta,McCree,Roadhog,Tracer,Ana
Bimbz-2859,McCree,Genji,Tracer,Pharah,Roadhog
K10-11719,McCree,Genji,Roadhog,Hanzo,Widowmaker
JohnSinan-2266,Genji,McCree,Hanzo,Roadhog,Junkrat
HPG-21896,Roadhog,Reinhardt,Zarya,Widowmaker,Ana
Loio-21787,Ana,Genji,Tracer,McCree,Reinhardt
Pummy-11925,Tracer,Roadhog,Pharah,Widowmaker,Zarya
DEATHKILLER4-21655,Widowmaker,Genji,Soldier: 76,Doomfist,Tracer
Awzey-2956,Tracer,Widowmaker,Soldier: 76,Sombra,Doomfist
PenguinNinja-21773,Hanzo,Genji,Lúcio,Ana,McCree
Vlaism-1429,Genji,Torbjörn,McCree,Widowmaker,Soldier: 76
CyberSnip-1619,Doomfist,McCree,Soldier: 76,Zarya,Ashe
ILILIILILI-4922,Genji,McCree,Widowmaker,Tracer,Doomfist
YumStaleBred-1544,Junkrat,Genji,Symmetra,Widowmaker,Lúcio
Alias-11142,Tracer,Widowmaker,Genji,Doomfist,Roadhog
lolztehtroll-11205,Genji,McCree,Widowmaker,Tracer,Soldier: 76
Wub-11371,Genji,McCree,Widowmaker,Hanzo,Ana
Love-15178,Hanzo,McCree,Widowmaker,D.Va,Genji
neil-12513,McCree,Reinhardt,Widowmaker,Soldier: 76,Genji
DarTheDerp-21147,Tracer,Hanzo,Genji,Widowmaker,Sigma
hunimana-2893,Genji,McCree,Hanzo,Roadhog,Widowmaker
Royal-21621,Widowmaker,Sombra,Ashe,Ana,Symmetra
Jolly-21138,Tracer,Genji,Doomfist,Soldier: 76,McCree
NANO-22293,Genji,Doomfist,Torbjörn,Zarya,Widowmaker
neris-21448,Genji,Tracer,Widowmaker,Hanzo,Ana
Symmetroll-2434,Widowmaker,Mercy,Tracer,Zarya,Symmetra
woo-11769,Widowmaker,Zenyatta,McCree,Tracer,Genji
Sam-112374,Genji,McCree,Tracer,Soldier: 76,Reaper
æøåæøåæøåæøå-1697,Soldier: 76,Brigitte,Reinhardt,Reaper,Junkrat
ONETAPMAN-11914,Soldier: 76,Doomfist,Zenyatta,McCree,Symmetra
Euan-21673,Genji,Hanzo,Reaper,Reinhardt,Zenyatta
LateYoung-4770,Pharah,Mercy,D.Va,McCree,Hanzo
TsuNà-2555,Genji,Winston,Tracer,D.Va,Widowmaker
FRANA-11639,Ana,Zenyatta,Widowmaker,Wrecking Ball,D.Va
Daco-11404,Genji,McCree,Tracer,Hanzo,Widowmaker
zakiir-21850,Widowmaker,Genji,McCree,Hanzo,Tracer
Merz-2601,Genji,McCree,Hanzo,Soldier: 76,Tracer
Jswinbu-2428,Genji,Hanzo,Widowmaker,Reinhardt,McCree
Escape-22941,Hanzo,Genji,Ana,McCree,Widowmaker
Banks-11810,Widowmaker,Sombra,Tracer,Ana,Symmetra
JSugarPapa-1291,McCree,Hanzo,Genji,Tracer,Widowmaker
ShRedLock-11258,Genji,Lúcio,Reinhardt,Zenyatta,Roadhog
Dank-11478,Genji,Tracer,Winston,Wrecking Ball,Hanzo
moursi-2870,Soldier: 76,Roadhog,McCree,Tracer,Junkrat
Kekbondi-2563,Reinhardt,Reaper,Tracer,Roadhog,Genji
SPICE-11214,Tracer,Genji,Roadhog,Reinhardt,McCree
M3WS-2412,Roadhog,Tracer,Mercy,Reaper,Genji
HyP-2791,Genji,Tracer,McCree,Pharah,Widowmaker
Forgiving-1127,Ana,Widowmaker,Roadhog,McCree,Genji
SugarFree-11755,Genji,Hanzo,Tracer,McCree,Widowmaker
Kioz0m-1455,Hanzo,Genji,Ana,Lúcio,Junkrat
kraandop-2574,Widowmaker,Hanzo,Genji,Tracer,McCree
ManGoJai-4164,Junkrat,Genji,Hanzo,Widowmaker,Tracer
rCk-21798,Widowmaker,Genji,Tracer,McCree,Pharah
Frostedd-11796,Tracer,Genji,Widowmaker,Roadhog,Hanzo
Linnou-2165,McCree,Genji,Widowmaker,Tracer,Zarya
Lime-21162,Lúcio,Reinhardt,Zenyatta,Tracer,Orisa
rapel-31377,Genji,Widowmaker,Tracer,McCree,Ana
Hybrid-22605,Genji,Hanzo,McCree,Roadhog,Reinhardt
ColourHex-11764,Genji,Widowmaker,McCree,Tracer,Hanzo
Trispear-2233,Genji,McCree,Widowmaker,Pharah,Tracer
WHO-31724,Widowmaker,Ana,Zarya,Zenyatta,Tracer
Mozser-1605,Widowmaker,McCree,Tracer,Hanzo,Soldier: 76
Silvoc-1460,Genji,Hanzo,Widowmaker,Symmetra,Torbjörn
Glacial-11248,Genji,Winston,Roadhog,Hanzo,Reinhardt
TrapLock-1176,Junkrat,Orisa,Doomfist,Torbjörn,Bastion
emongg-11180,Widowmaker,Tracer,McCree,Mercy,Genji
Masaa-1182,McCree,Soldier: 76,Reinhardt,Ana,Hanzo
Mac-13388,Winston,Reinhardt,Roadhog,Soldier: 76,Ana
FthisSiMoUt-1832,Widowmaker,Mercy,Ana,Symmetra,Genji
Dalphan-11159,Genji,Tracer,Widowmaker,Hanzo,McCree
Twinkle-1642,Widowmaker,Ana,Hanzo,Genji,Roadhog
Alw122001-1653,Widowmaker,Genji,Hanzo,McCree,Tracer
Nin-11379,Genji,Hanzo,Tracer,Widowmaker,McCree
yeahright-11802,Widowmaker,Genji,McCree,Hanzo,Tracer
abicdefg-1472,Mei,Junkrat,Mercy,D.Va,Soldier: 76
Oxitide-1991,Genji,Hanzo,Widowmaker,McCree,Reaper
Goshaaz-1390,Widowmaker,Soldier: 76,Genji,McCree,Tracer
SlowYoRole-1952,Widowmaker,Sombra,Genji,Hanzo,Ana
Borium-11707,Soldier: 76,Genji,McCree,Zarya,Tracer
MrTime-11341,Genji,Roadhog,Doomfist,Junkrat,Torbjörn
Nytsura-1147,Widowmaker,Zenyatta,McCree,Genji,Roadhog
AWM-11299,Widowmaker,McCree,Tracer,Genji,Junkrat
garenop-1991,Genji,Roadhog,McCree,Winston,Tracer
Prime-22270,Genji,Tracer,Sombra,Hanzo,Doomfist
BigMouth-11974,Roadhog,Zarya,Junkrat,Hanzo,D.Va
Abtin-11716,Soldier: 76,Tracer,Roadhog,Genji,McCree
ｓｈｕｎｎｅｄ！-1159,D.Va,Widowmaker,Hanzo,Roadhog,Genji
MEEKINS-11575,Soldier: 76,McCree,Hanzo,Ana,Reaper
camboyo-1939,McCree,Reaper,Lúcio,Zenyatta,Roadhog
EZKATKA-21661,Genji,Widowmaker,Pharah,Hanzo,Doomfist
jack22-11757,McCree,Genji,Widowmaker,Hanzo,Tracer
Shadowburn-11600,McCree,Widowmaker,Tracer,Genji,Ana
Naga-22790,Genji,McCree,Widowmaker,Hanzo,Tracer
KariV-31768,Genji,Widowmaker,McCree,Tracer,Ana
Shuh-21910,Genji,McCree,Soldier: 76,Pharah,Widowmaker
JinMu-4322,Genji,Widowmaker,Hanzo,Soldier: 76,Tracer
skies-21116,Doomfist,Genji,Tracer,Widowmaker,McCree
Ronix-2613,Genji,Widowmaker,McCree,Hanzo,Tracer
freNoc-1537,Zenyatta,Ana,Genji,Bastion,Mei
Leaf-2425,McCree,Genji,Roadhog,Hanzo,Soldier: 76
POGCHAMP-3112,Lúcio,Soldier: 76,Mercy,Bastion,Reinhardt
Zbrbr-2214,Pharah,Junkrat,Ana,Torbjörn,Hanzo
Yoshio-2798,Lúcio,Zenyatta,Ana,Baptiste,Mercy
EchoFlex-1763,McCree,Genji,Hanzo,Lúcio,Reinhardt
Fusions-2559,Genji,Widowmaker,Roadhog,Hanzo,McCree
cykosys-11948,Tracer,Widowmaker,Genji,Soldier: 76,Doomfist
Exode-11535,Moira,Doomfist,Widowmaker,McCree,Soldier: 76
Miro-31858,Winston,Zarya,Roadhog,Reinhardt,Tracer
Forgiven-11111,Ana,Widowmaker,Roadhog,D.Va,Hanzo
Zerggy-21777,Widowmaker,McCree,Genji,Hanzo,Tracer
Lab-11706,Widowmaker,Tracer,Hanzo,Genji,McCree
Horthic-21496,Widowmaker,Genji,McCree,Pharah,Reinhardt
Zeerocious-1305,Widowmaker,Roadhog,Genji,Hanzo,Pharah
GAO-11884,D.Va,Tracer,Genji,Widowmaker,Winston
FunnyAstro-2570,Pharah,Lúcio,Genji,Zarya,Soldier: 76
Huge-21901,Genji,Tracer,Soldier: 76,Widowmaker,Hanzo
Revdar-2674,Genji,McCree,Tracer,Soldier: 76,Hanzo
TrySoft-2918,Mercy,Winston,Pharah,Junkrat,Soldier: 76
Momo-16829,Widowmaker,Genji,McCree,Soldier: 76,Tracer
Frayu1600-2528,Genji,Hanzo,Tracer,Zarya,Widowmaker
Swimmer-11324,Mercy,Ana,Tracer,Lúcio,Genji
Haksal-31524,McCree,Genji,Tracer,Zarya,Soldier: 76
Feezdog-2760,Genji,Tracer,Widowmaker,Doomfist,Soldier: 76
mL12-21728,Tracer,Zarya,Genji,Brigitte,Wrecking Ball
TOPDRAGON-31753,Widowmaker,McCree,Doomfist,Ana,Mercy
mL13-21613,Mercy,Genji,Reinhardt,Widowmaker,Winston
cyx-11780,Widowmaker,Roadhog,McCree,Hanzo,Zarya
Phi-21670,Widowmaker,Tracer,Genji,McCree,Hanzo
Wayfast-2745,McCree,Genji,Widowmaker,Hanzo,Tracer
lhcloudy-2273,Reinhardt,Zarya,Bastion,Roadhog,Soldier: 76
SFX-21301,Zenyatta,Ana,Lúcio,Genji,Tracer
Edinn-21302,McCree,Genji,Hanzo,Widowmaker,Tracer
DanneddOTP-2745,Wrecking Ball,Doomfist,Mei,Reaper,Winston
Rady2-2634,Mei,Ana,Zarya,Hanzo,Zenyatta
JIQIREN-4852,Genji,Roadhog,McCree,Tracer,Winston
Geguri-31531,Zarya,Roadhog,McCree,Genji,Tracer
PrimeSubAqua-1247,Hanzo,McCree,Tracer,Reaper,Genji
LVLZ-31366,Ana,Lúcio,Genji,McCree,Mercy
SirMajed-2498,Genji,Ana,Tracer,Widowmaker,Doomfist
DSPSTANKY-2587,Lúcio,Zenyatta,Hanzo,Widowmaker,Doomfist
GiG-11252,Wrecking Ball,Sigma,McCree,Ana,Zenyatta
mL9-21337,Sombra,Symmetra,Widowmaker,Orisa,Genji
Sensotix-2687,Tracer,Roadhog,Zarya,Genji,McCree
nohearu-1272,Ana,Torbjörn,Roadhog,Wrecking Ball,Tracer
Yythgim-2569,Brigitte,Symmetra,Ashe,Moira,Wrecking Ball
Supreme-12229,Tracer,McCree,Junkrat,Lúcio,Widowmaker
Luux-21470,Widowmaker,McCree,Roadhog,Tracer,Mei
Switch-12852,Widowmaker,Genji,Hanzo,Tracer,Zenyatta
Clowd-21153,Soldier: 76,McCree,Widowmaker,Tracer,Genji
JarJarDinks-11623,Genji,McCree,Roadhog,Zenyatta,Zarya
yuno-4746,Genji,McCree,Roadhog,Soldier: 76,Widowmaker
Jerry-13256,Zarya,Roadhog,Widowmaker,Reaper,Hanzo
Akawa-11298,Genji,Tracer,McCree,Widowmaker,Roadhog
Bark-11441,Ana,Tracer,Soldier: 76,Mercy,McCree
Regalia-11271,Roadhog,Ana,Zarya,Pharah,Brigitte
KSAA-21785,Roadhog,Doomfist,Genji,Hanzo,Tracer
Adam-15528,Genji,Tracer,Widowmaker,McCree,Zarya
ZWEE-11779,Widowmaker,Tracer,Genji,Hanzo,Sombra
Trill-11167,Genji,McCree,Hanzo,Widowmaker,Tracer
Asking-21723,McCree,Genji,Soldier: 76,Hanzo,Tracer
Paintbrush-11497,Ana,Zenyatta,Lúcio,Widowmaker,Zarya
MBW-11383,McCree,Symmetra,Widowmaker,Hanzo,Torbjörn
Molf1g-2494,Genji,Tracer,Soldier: 76,McCree,Widowmaker
Ricky-22536,Genji,Widowmaker,Hanzo,McCree,Reaper
HOTBA-31330,Genji,McCree,Hanzo,Widowmaker,Tracer
nice2hookyou-2689,Roadhog,Genji,Reaper,Reinhardt,McCree
UnFunnyAstro-2744,Soldier: 76,Genji,Torbjörn,Pharah,Widowmaker
Cohesion-11962,Mei,Pharah,Genji,McCree,Widowmaker
Mauffin-1119,Widowmaker,Ana,D.Va,Genji,McCree
MagicienDose-2263,Genji,McCree,Widowmaker,Hanzo,Tracer
Decod-2801,Reaper,Genji,McCree,Soldier: 76,Pharah
lucer-2360,McCree,Hanzo,Genji,Reaper,Soldier: 76
Meuffin-1603,Widowmaker,Moira,Roadhog,Zarya,Pharah
Hadi-21642,Winston,Roadhog,Ana,Reinhardt,D.Va
Ojee-11919,Lúcio,Ana,Genji,Zenyatta,McCree
빡겜유저이재곤-3108,McCree,Genji,Widowmaker,Ana,Pharah
Shade-22309,McCree,Soldier: 76,Pharah,Genji,Tracer
Arrge-2411,Lúcio,Tracer,Widowmaker,Soldier: 76,Genji
rugob-21283,Genji,Tracer,Zenyatta,Hanzo,Wrecking Ball
DIMITRI-11493,Widowmaker,McCree,Tracer,D.Va,Moira
SZNS-1369,Wrecking Ball,Orisa,Winston,Soldier: 76,Widowmaker
Yeatle-1465,Wrecking Ball,Genji,Tracer,McCree,Ana
lucerr-2628,Tracer,Zenyatta,Widowmaker,Doomfist,McCree
LexiBurdell-1899,Widowmaker,D.Va,Sombra,Ana,Tracer
dpei-11666,Widowmaker,Baptiste,Tracer,Brigitte,McCree
Brutal-11558,Tracer,Doomfist,McCree,Genji,Moira
WinterWalker-1854,Soldier: 76,Roadhog,Reaper,McCree,Zarya
Cloneman19-1524,Genji,Reinhardt,McCree,Winston,Roadhog
F4zE-3714,Tracer,Widowmaker,Genji,McCree,Pharah
Hawk-1368,Mercy,Bastion,Orisa,Reinhardt,Lúcio
elmuskrat-1595,D.Va,Mercy,Tracer,Soldier: 76,Lúcio
caatabatic-1843,Moira,Orisa,Bastion,D.Va,Lúcio
fogibear-1924,Mercy,Ana,Widowmaker,Hanzo,Lúcio
Dewwek-1670,Junkrat,Hanzo,Genji,Bastion,Mercy
Verfos-2606,Widowmaker,McCree,Moira,Junkrat,Mei
SwaggyTurtle-11677,Tracer,Widowmaker,Junkrat,McCree,Lúcio
Chopper-11745,Genji,Widowmaker,McCree,Tracer,Hanzo
LINFFF-2369,Pharah,McCree,Genji,Roadhog,Hanzo
Leum-11363,Genji,Widowmaker,Tracer,McCree,Hanzo
Hcpeful-1766,Genji,Widowmaker,Tracer,McCree,Hanzo
Logic-21473,Hanzo,Genji,Doomfist,McCree,Soldier: 76
Jaden-21198,Widowmaker,Tracer,Genji,Doomfist,McCree
Adnar-2844,Tracer,Lúcio,Roadhog,Ana,Reinhardt
Minato-22155,Hanzo,Symmetra,Mei,Zenyatta,Roadhog
BLAD3R-3163,Widowmaker,Genji,Tracer,Doomfist,Wrecking Ball
Devilswill-1483,Doomfist,Widowmaker,Brigitte,Mercy,Genji
ChipSa-21440,McCree,Genji,Pharah,Hanzo,Soldier: 76
Jason-23312,Mercy,Symmetra,Tracer,Lúcio,McCree
Alw-11752,Genji,Widowmaker,Winston,D.Va,McCree
Piglet-2819,Genji,Tracer,Ana,McCree,Reaper
FKQ-2839,McCree,Tracer,Widowmaker,Genji,Hanzo
Blinky-11629,Mercy,Zenyatta,Lúcio,McCree,Symmetra
NeverMore-12817,Ana,Zenyatta,Genji,Soldier: 76,Symmetra
Benn-1724,Widowmaker,McCree,Tracer,Soldier: 76,Roadhog
McLeo-21950,Doomfist,Tracer,Genji,Hanzo,McCree
Blu-12624,Widowmaker,Tracer,Hanzo,Doomfist,McCree
CNMNE-11431,Genji,Sombra,Ana,McCree,Hanzo
Rene-22616,Genji,Hanzo,Junkrat,Roadhog,McCree
KCTHICC-1200,Soldier: 76,Mercy,Wrecking Ball,Zarya,Tracer
halfdead-11154,Mercy,Symmetra,Pharah,D.Va,Sombra
BCrowness-21760,Genji,Hanzo,Reinhardt,Widowmaker,McCree
ddx-11435,Widowmaker,Lúcio,Zarya,Roadhog,Ana
Forsen-21274,Genji,Lúcio,Hanzo,Roadhog,Winston
CUCUBAU-1726,Tracer,Hanzo,Ashe,McCree,Widowmaker
Avenue-11746,Tracer,Doomfist,Hanzo,Genji,Ana
Aeko-11301,Genji,McCree,Widowmaker,Hanzo,Tracer
Helv-21725,Genji,Doomfist,Wrecking Ball,Hanzo,Winston
Sodipops-2892,Wrecking Ball,Hanzo,Doomfist,D.Va,Roadhog
Sobek-21603,Genji,Pharah,Widowmaker,Hanzo,Ana
Insomniaq-1945,McCree,Soldier: 76,Tracer,Genji,Pharah
BatmanNova-11435,Genji,Tracer,Soldier: 76,McCree,Roadhog
Endure-21949,Zenyatta,Ana,Genji,Ashe,Widowmaker
MiniVale-2463,Genji,Hanzo,Widowmaker,McCree,Doomfist
Aequuce-2241,Genji,McCree,Widowmaker,Hanzo,D.Va
LittleFlame-2818,Genji,McCree,Widowmaker,Tracer,Mei
Azee-2333,McCree,Genji,Hanzo,Widowmaker,Tracer
ChiLongQua-11756,McCree,Winston,Soldier: 76,Reaper,Zenyatta
carpe-31483,Widowmaker,Genji,McCree,Doomfist,Tracer
Art-23858,Genji,Hanzo,McCree,Tracer,Doomfist
Casiopaya-21838,Ana,Mercy,Pharah,Zenyatta,D.Va
YexelA-21706,Zarya,Tracer,Doomfist,Genji,Ana
Selrak-11151,Reinhardt,Roadhog,Winston,McCree,Junkrat
cherryflower-11549,McCree,Genji,Ana,Tracer,Zarya
Jinggg-11793,Widowmaker,Genji,McCree,Lúcio,Tracer
BlueX-2474,Widowmaker,McCree,Ana,Soldier: 76,Genji
Tucker-11640,Genji,Widowmaker,Hanzo,Lúcio,Tracer
Bello-11233,Genji,McCree,Doomfist,Soldier: 76,Tracer
Peter-26556,Tracer,Widowmaker,Genji,Doomfist,McCree
Txao8-2676,Genji,Roadhog,Zarya,Tracer,D.Va
Smex-21111,McCree,Genji,Widowmaker,Tracer,Roadhog
mycrazycat-1884,Doomfist,Widowmaker,Genji,Lúcio,Mercy
Ayako-11428,Genji,Soldier: 76,McCree,Ana,Zarya
xHM-11556,Mercy,Hanzo,Genji,Widowmaker,Reinhardt
Fitzyhere-1294,Widowmaker,Sombra,Mei,Tracer,Ana
Theomatic-21780,Lúcio,Roadhog,McCree,Genji,Ana
Seiichi-21782,McCree,Tracer,Soldier: 76,Genji,Hanzo
Ayez-1127,Zenyatta,Widowmaker,Tracer,Roadhog,Winston
Elric-22222,Mercy,Ana,D.Va,Symmetra,Lúcio
Qwerty-12347,Roadhog,Winston,Orisa,Zenyatta,Zarya
ALRIGHT-11424,Doomfist,McCree,Soldier: 76,Reaper,Genji
xqciniran-1126,Widowmaker,Genji,Ana,Hanzo,Zarya
X1AN-21758,McCree,Widowmaker,Tracer,Hanzo,Genji
Jona-2933,Widowmaker,Genji,Tracer,McCree,Hanzo
ToastE-21859,Genji,Hanzo,Widowmaker,Doomfist,Tracer
daanS-21336,Tracer,Genji,Widowmaker,Soldier: 76,McCree
Rappido-2767,Tracer,McCree,Soldier: 76,Hanzo,Genji
Carrotz-11238,Roadhog,McCree,Genji,Tracer,Ana
ReYaN-21903,Winston,Genji,Roadhog,Zenyatta,Widowmaker
T0rch808-1998,Reaper,McCree,Orisa,Roadhog,Zarya
valen-11986,Widowmaker,Genji,Hanzo,McCree,Tracer
DUENDECONKER-1356,D.Va,Symmetra,Zarya,Mercy,Soldier: 76
Peacockapple-2526,D.Va,Widowmaker,Ashe,Pharah,Junkrat
PeptoBismol-11500,Soldier: 76,Bastion,Roadhog,McCree,Mercy
caspere-21171,Doomfist,Widowmaker,Symmetra,Zarya,Tracer
Juggurt-2562,Pharah,Tracer,Soldier: 76,Genji,Widowmaker
Harley-2905,Junkrat,Symmetra,Mercy,D.Va,Reinhardt
Hoseok-11365,Mei,D.Va,Mercy,Tracer,Winston
TyTy008-1219,Soldier: 76,Widowmaker,Hanzo,Bastion,Reaper
Larienne-11967,Mercy,D.Va,Symmetra,Mei,Zenyatta
Zhou-11363,Genji,Hanzo,Doomfist,Reinhardt,McCree
BIOLOGYMAN-1868,Hanzo,Junkrat,Mei,Genji,Soldier: 76
Fields-11600,D.Va,Mercy,Reinhardt,Symmetra,Doomfist
redditlucio-4934,Lúcio,Widowmaker,Junkrat,Genji,Winston
Crazyjimmy-1443,D.Va,Junkrat,Soldier: 76,Roadhog,Bastion
Shannanigans-1618,Junkrat,Reinhardt,Symmetra,Mei,Reaper
LittlePoppa-11623,Junkrat,D.Va,Winston,Lúcio,Mercy
TahuTempe-11730,D.Va,Zenyatta,Lúcio,Roadhog,Moira
Platypus-11998,Widowmaker,McCree,D.Va,Roadhog,Reinhardt
revrad2016-1554,Mercy,D.Va,Bastion,Moira,Winston
Dictatosarus-2821,Roadhog,Wrecking Ball,Orisa,Ana,Reinhardt
hardeaux-1663,Junkrat,Reinhardt,Lúcio,D.Va,Moira
AtomicSquid-1166,Reinhardt,Roadhog,D.Va,Ana,Pharah
Tensa-11698,Zarya,Ana,McCree,Zenyatta,Genji
iamkj-1755,D.Va,Mercy,Moira,Orisa,Zarya
Dixel-2162,Pharah,Lúcio,Junkrat,Hanzo,Soldier: 76
SailenRU-2343,Reinhardt,Pharah,Bastion,Hanzo,Genji
HAD2DOIT2EM-2807,Tracer,McCree,Genji,Ana,Widowmaker
Idontkno2h-1954,Tracer,Widowmaker,Junkrat,Zenyatta,McCree
Daggermouth-11392,Roadhog,Hanzo,Soldier: 76,McCree,Mei
DinkDinkDink-11271,McCree,Hanzo,Soldier: 76,Tracer,Reaper
iLoveKnives-11314,Wrecking Ball,Widowmaker,Genji,Reaper,McCree
patriick1505-2701,Winston,Reinhardt,Torbjörn,Widowmaker,Mei
Tr1Fee-2627,Widowmaker,McCree,Soldier: 76,Bastion,Ashe
SØcisse-1127,Wrecking Ball,Reinhardt,McCree,Roadhog,Winston
DaytimeOW-2623,Soldier: 76,Zenyatta,Reinhardt,Roadhog,Junkrat
edgewood-11560,Hanzo,Junkrat,McCree,Genji,Widowmaker
DabbedOn-1356,Widowmaker,Doomfist,Zarya,McCree,Genji
CRanchJesus-1344,Ashe,Widowmaker,Soldier: 76,Junkrat,Hanzo
kephrii-3754,Widowmaker,Mercy,D.Va,Tracer,Mei
Riz-21125,Lúcio,D.Va,Ana,Sombra,Moira
sobble-11883,Moira,Mercy,Lúcio,Orisa,D.Va
Hazza-11854,Widowmaker,Hanzo,Junkrat,Genji,Reaper
Kristrom-2913,Reaper,Doomfist,Bastion,Ana,Brigitte
rawsaucey-1285,Ana,Zenyatta,Widowmaker,Winston,D.Va
rossi-11953,Reaper,Soldier: 76,McCree,Hanzo,Moira
Slingshot-31803,Lúcio,Soldier: 76,D.Va,Mei,Mercy
nwsf-11409,Widowmaker,D.Va,Sigma,Torbjörn,Sombra
HAKSAL-33346,Genji,Soldier: 76,Hanzo,McCree,Tracer
TacoLife-1514,Reinhardt,Soldier: 76,Roadhog,Moira,Zenyatta
SOON-3395,Reinhardt,Pharah,Mercy,Symmetra,Soldier: 76
sithspear-2909,D.Va,Hanzo,Junkrat,Soldier: 76,Doomfist
Decobus-1314,Moira,Torbjörn,Brigitte,Orisa,Roadhog
Grimwald-21833,Ana,Widowmaker,Zenyatta,Sombra,Symmetra
Soo-6722,Doomfist,Widowmaker,Soldier: 76,Zarya,Moira
uGlc-2819,Lúcio,Mercy,Zenyatta,Soldier: 76,Roadhog
Aftermath-6415,Ana,Tracer,Zarya,Pharah,Mercy
Enuiix-1805,Lúcio,Mercy,Symmetra,D.Va,Torbjörn
NightyNight-11765,Roadhog,Junkrat,Mercy,Reaper,Sigma
killarunaxx-2635,Moira,Mercy,Soldier: 76,Zarya,Ana
PapaTrotsky-1597,Roadhog,Sigma,Lúcio,Zarya,D.Va
ThinMatt-1666,Mei,D.Va,Tracer,McCree,Junkrat
Smiimi-2142,Orisa,Moira,Baptiste,Mercy,Soldier: 76
Calsifer-11474,Lúcio,Junkrat,Ana,Moira,Orisa
Chubz-11118,Hanzo,D.Va,Soldier: 76,Reinhardt,Widowmaker
Bread-31154,Hanzo,McCree,Junkrat,Genji,Reinhardt
Luciferrous-1888,Moira,Mercy,D.Va,Orisa,Brigitte
VTM-11393,Ana,Moira,Mercy,Symmetra,Orisa
Cactus-12410,McCree,Junkrat,Widowmaker,Hanzo,Brigitte
Copy-21533,Mei,McCree,Lúcio,Wrecking Ball,Reaper
Azrael-14718,Mercy,Zenyatta,Lúcio,Sombra,Moira
TǾM-21652,Ana,Widowmaker,Zenyatta,Tracer,Mercy
WaiJon-2638,Genji,McCree,Soldier: 76,Zarya,Ana
misherop1-2484,Lúcio,Genji,Reinhardt,Roadhog,Mercy
Watery-21258,Widowmaker,Hanzo,McCree,Genji,Mercy
Honey-22690,Genji,Widowmaker,McCree,Hanzo,Tracer
Rari458-2111,Widowmaker,Tracer,Hanzo,McCree,Genji
Snozlar-1816,Tracer,Genji,Widowmaker,Hanzo,McCree
CHE-21330,Widowmaker,Roadhog,Torbjörn,Zarya,Soldier: 76
Saebyeolbe-3200,McCree,Genji,Roadhog,Widowmaker,Tracer
hoshimi-11424,Pharah,Genji,Soldier: 76,McCree,Widowmaker
roymz-2892,Reinhardt,Roadhog,Genji,McCree,Tracer
sHockWave-21321,Genji,Widowmaker,Soldier: 76,Hanzo,Roadhog
Lyssa-21113,Genji,McCree,Widowmaker,Ana,Tracer
bogur-2537,Hanzo,Genji,McCree,Junkrat,Tracer
DarkFlame-22861,Reinhardt,Roadhog,Ana,Winston,Genji
DNIWE-21251,Roadhog,Mei,Hanzo,Ana,D.Va
Wepth-1427,Hanzo,Widowmaker,McCree,Genji,Roadhog
SnowDown-11438,Widowmaker,Ana,Zarya,Doomfist,Lúcio
Cupcake-12706,Mercy,Widowmaker,Ana,D.Va,Symmetra
Shammy-11373,Genji,McCree,Tracer,Roadhog,Mei
Bandiit-1186,McCree,Genji,Hanzo,Widowmaker,Tracer
Astro-21476,Genji,McCree,Hanzo,Widowmaker,Ana
Kosi-11983,Widowmaker,Genji,Tracer,Winston,Hanzo
Ineedhealing-1438,Genji,Widowmaker,Hanzo,McCree,Soldier: 76
Flamenzo-2642,Hanzo,McCree,Sombra,Genji,Widowmaker
Splinterbom-2550,Hanzo,Genji,Reinhardt,Roadhog,McCree
Purple-11733,Genji,McCree,Widowmaker,Hanzo,Soldier: 76
BowDude-11365,Widowmaker,Genji,Tracer,Hanzo,McCree
UHH-11690,Widowmaker,Roadhog,Ana,McCree,Mercy
Jab-1496,McCree,Hanzo,Zenyatta,Ana,Soldier: 76
Waqqi-2241,Tracer,McCree,Widowmaker,Junkrat,Soldier: 76
Khegasi-2366,Genji,Tracer,Hanzo,McCree,Roadhog
Dragasath-2313,Widowmaker,Genji,Pharah,McCree,Soldier: 76
TARO-21647,Tracer,Sombra,Soldier: 76,Genji,Widowmaker
PEPEGAAAA-2479,Soldier: 76,Reaper,Hanzo,Reinhardt,McCree
Lefaa-11631,Widowmaker,Tracer,Genji,McCree,Soldier: 76
skye-12360,Tracer,Widowmaker,Genji,Ana,Zarya
EndGame-1202,Genji,McCree,Roadhog,Winston,Tracer
iM7-21560,Genji,McCree,Zarya,Tracer,Hanzo
HalCapone-2948,Zarya,McCree,Doomfist,Junkrat,Roadhog
GuN-1336,McCree,Genji,D.Va,Tracer,Roadhog
Lutuleilei-2803,Widowmaker,Tracer,Winston,Zarya,Reinhardt
gummiCOLEMAN-2340,Widowmaker,Hanzo,Soldier: 76,Genji,Torbjörn
Vexonus-1682,Genji,McCree,Hanzo,Widowmaker,Tracer
MercyMain-2273,Genji,Tracer,McCree,Zarya,Widowmaker
MxB-21915,Widowmaker,Genji,McCree,Tracer,Soldier: 76
Valentine-12938,Widowmaker,Doomfist,Genji,Hanzo,Tracer
Kyb-2373,Pharah,Widowmaker,McCree,Mercy,Soldier: 76
ProGitv-2639,Winston,McCree,Reinhardt,Genji,Mei
Marron-21590,Genji,Soldier: 76,McCree,Tracer,Widowmaker
DoctorPotato-21459,Zarya,Genji,Pharah,D.Va,Roadhog
Don-12598,Lúcio,Ana,Genji,Brigitte,Tracer
spaceR-21418,McCree,Widowmaker,Genji,Tracer,Hanzo
RoboCat-11164,Junkrat,McCree,Widowmaker,Roadhog,Genji
Agandya-2703,Genji,Hanzo,Junkrat,Tracer,McCree
KaTeKoMi-2973,Genji,Tracer,Lúcio,Doomfist,Hanzo
sh0ckwave-11172,Genji,Hanzo,Widowmaker,McCree,Ana
Firren-21900,McCree,Hanzo,Widowmaker,Doomfist,Genji
SilentSoul-21702,Genji,McCree,Tracer,Reaper,Soldier: 76
Neksul-1911,Widowmaker,Genji,Hanzo,Tracer,Doomfist
HiImSky-11299,Zarya,Widowmaker,Winston,Genji,Hanzo
SamTS-11185,Genji,Soldier: 76,Doomfist,Tracer,Widowmaker
Whale-11888,Widowmaker,Tracer,Zarya,Lúcio,Ana
Nekuraholic-1840,Genji,Tracer,Widowmaker,Soldier: 76,McCree
Naahmie-1290,Genji,Widowmaker,Tracer,Hanzo,Sombra
Afro-12419,Genji,McCree,D.Va,Doomfist,Hanzo
BibimbapBoi7-1866,McCree,Soldier: 76,Widowmaker,Moira,Genji
Zanacion-2977,Winston,Reinhardt,Wrecking Ball,Roadhog,Lúcio
scorer5-21277,Genji,Tracer,Lúcio,Ana,Zenyatta
taint-2831,Mercy,Hanzo,Tracer,Lúcio,Ana
switch-22464,Tracer,Genji,Widowmaker,Hanzo,Pharah
Dire-21140,Genji,Reinhardt,McCree,Ana,Zarya
HUNTER-27205,Genji,Tracer,Soldier: 76,Hanzo,McCree
Pepe-12270,Widowmaker,Tracer,McCree,Genji,Soldier: 76
Dunmuir-1787,Winston,Reinhardt,Wrecking Ball,Ana,Widowmaker
แปดแสนเค-1375,Hanzo,Genji,Soldier: 76,Tracer,McCree
Noomi-2410,Widowmaker,Soldier: 76,Tracer,Roadhog,Hanzo
Insane-1239,Ana,Zenyatta,Mercy,Lúcio,Widowmaker
DEfault-11493,McCree,Widowmaker,Tracer,Roadhog,Hanzo
Devix-22243,Ana,Reinhardt,Winston,Zarya,Zenyatta
PoPiFresH-21369,Soldier: 76,McCree,Tracer,Hanzo,Winston
Gamesley-2681,Zenyatta,Widowmaker,Junkrat,Pharah,Soldier: 76
Togs-21575,Widowmaker,Genji,McCree,Pharah,Reinhardt
GCBakuro-1723,Doomfist,Tracer,Widowmaker,Ashe,McCree
Xhaden-1299,D.Va,Soldier: 76,Ana,Moira,Tracer
flyingsparky-1564,Genji,Widowmaker,McCree,Hanzo,Ana
logtron-1868,Soldier: 76,Orisa,Winston,Mercy,Torbjörn
ArtThouMoist-2805,McCree,Widowmaker,Soldier: 76,Hanzo,Lúcio
PikaLink-21663,Roadhog,Lúcio,Zarya,Moira,Widowmaker
Costba-2832,Moira,Reaper,Genji,Hanzo,Widowmaker
wildesLunov-2620,D.Va,Brigitte,Winston,Genji,Mei
Algengrütze-2815,Moira,Mercy,D.Va,Orisa,Zenyatta
Olsomm-2735,Widowmaker,Lúcio,Mercy,McCree,Sigma
Sqeezy-21591,Hanzo,Genji,Reaper,Soldier: 76,D.Va
CiccioPanza4-2631,D.Va,Lúcio,Mei,Torbjörn,Moira
LexOfRivia-1122,Baptiste,Brigitte,Zenyatta,Ana,Orisa
Skinnee-2889,Mercy,D.Va,Widowmaker,Brigitte,Moira
mocchi-11482,Ana,Hanzo,Lúcio,Moira,Orisa
HoldTheDoor-1734,Roadhog,Pharah,Torbjörn,D.Va,Symmetra
LUCY-31509,Mercy,D.Va,Ana,Lúcio,Symmetra
Balthazar-2479,Mercy,Soldier: 76,Moira,Reinhardt,Reaper
TheWarLoad-2111,Mercy,Genji,Junkrat,Lúcio,Roadhog
FunnyBunny-11402,Ana,Mercy,Widowmaker,McCree,Soldier: 76
KasualVince-1623,Junkrat,Hanzo,Tracer,Lúcio,Widowmaker
Klefty-1734,Lúcio,Reaper,Orisa,Torbjörn,Moira
Slater-21715,Moira,D.Va,Reinhardt,Pharah,Reaper
cReaper-21951,Widowmaker,McCree,Reaper,Tracer,Wrecking Ball
Zillamanz-1454,Lúcio,Ashe,Zenyatta,Brigitte,Reaper
Magnus-12944,Lúcio,Junkrat,Torbjörn,Pharah,Soldier: 76
Lucio-13446,Widowmaker,Genji,Soldier: 76,Hanzo,Lúcio
Carles458-2275,Roadhog,Sombra,Junkrat,Soldier: 76,Tracer
Burritogod-1155,Genji,McCree,Reaper,Roadhog,Ana
Sawndez-1437,Sigma,Roadhog,Orisa,Reaper,Reinhardt
Szaman-21396,Reaper,Zenyatta,Sigma,Ashe,Hanzo
Valkalon-2700,Genji,Mercy,Reinhardt,Torbjörn,Pharah
weeaboo69420-1190,Reaper,Reinhardt,Mercy,Ana,Zarya
Lucio-12221,Soldier: 76,Mercy,Reaper,Lúcio,Mei
Legend-32947,Tracer,Genji,Widowmaker,Pharah,McCree
Miyuki-11977,Mercy,D.Va,Sombra,Junkrat,Pharah
FluffiFoxi-1697,Brigitte,Reinhardt,Moira,D.Va,Mercy
honey-12548,Ana,Mercy,Moira,Widowmaker,Lúcio
TheMimics-1476,D.Va,Roadhog,Zarya,Reinhardt,Soldier: 76
S2K-11692,Reaper,Moira,Orisa,Roadhog,Soldier: 76
minos-2264,Mei,D.Va,Reinhardt,Orisa,Mercy
Gove-11348,Lúcio,Genji,Hanzo,Junkrat,Tracer
Lugli-1584,Orisa,Moira,Winston,Lúcio,Zarya
Finsheur-2608,Pharah,Ana,Soldier: 76,D.Va,Roadhog
NeverØLucky-2348,Zarya,Reinhardt,Lúcio,Winston,Roadhog
Superson-1151,D.Va,Reinhardt,Lúcio,Junkrat,Orisa
Leo-110699,Moira,Mercy,Reaper,Ana,Pharah
Midori-21147,Moira,Zenyatta,Mercy,D.Va,Lúcio
SmoothCat-11816,Hanzo,Mercy,Sombra,Symmetra,Roadhog
uvi-1291,Reinhardt,Soldier: 76,Lúcio,Mercy,Winston
BennyLiquid-1721,Moira,Mercy,Ashe,Zarya,Orisa
TICTACTACOS-1731,Junkrat,Mercy,Orisa,McCree,Widowmaker
VampireJesus-11104,Genji,Hanzo,D.Va,McCree,Lúcio
OldLady-21327,Roadhog,Ana,Zarya,Widowmaker,Pharah
SN1PZG0D-2657,Soldier: 76,Tracer,Hanzo,D.Va,Widowmaker
WolfEclips06-1943,Genji,Widowmaker,McCree,Doomfist,Ashe
FalgrickVI-2156,Moira,Reinhardt,Roadhog,Orisa,Zarya
Benji-12106,Tracer,McCree,Torbjörn,Widowmaker,D.Va
Brophey-11555,D.Va,Mercy,Reinhardt,Roadhog,Soldier: 76
Legend-32232,Sombra,Junkrat,Ashe,Roadhog,McCree
AnnaLytic-1268,Symmetra,Lúcio,Mercy,Moira,Reinhardt
SillySausage-21704,Reaper,Orisa,Soldier: 76,Hanzo,Lúcio
Dabear15-1896,Genji,Soldier: 76,Hanzo,Junkrat,D.Va
RickySpanish-21489,Zenyatta,Lúcio,Moira,Zarya,Orisa
Brenon-11919,Moira,Mercy,Lúcio,Roadhog,Reinhardt
Rykos-21709,McCree,Lúcio,Widowmaker,Doomfist,Genji
THCCHAN-1532,Moira,Mercy,D.Va,Roadhog,Zenyatta
Carbon60-11209,Lúcio,Doomfist,Reinhardt,Wrecking Ball,Roadhog
Nutpie-2666,Torbjörn,Junkrat,Lúcio,Reinhardt,Pharah
StellarBee-1392,Symmetra,Mercy,Junkrat,Lúcio,Moira
PixelLogic-1533,Tracer,Reinhardt,Sombra,Widowmaker,Winston
RescueToast-11140,Lúcio,Widowmaker,Ana,Mercy,McCree
MAVERICK-14200,Reaper,Mercy,Tracer,D.Va,Zenyatta
HappyRogue-16896,Lúcio,Mercy,Ana,Baptiste,Pharah
Kiezmor-2268,Moira,Lúcio,Mercy,D.Va,Orisa
PUSH-31360,Junkrat,Mercy,Pharah,Bastion,Lúcio
Merlin-2745,Zenyatta,Soldier: 76,D.Va,Winston,Reinhardt
Alpha2Omega-11700,Lúcio,Sigma,Moira,Reinhardt,D.Va
Kyfra-1768,Zenyatta,Tracer,Soldier: 76,Mercy,Moira
LOBBER-11224,Roadhog,Soldier: 76,Ashe,Junkrat,Genji
PKBlizzard-21364,Lúcio,Moira,Mercy,Orisa,Reinhardt
Daaxyy-1605,Moira,Sombra,Ana,Mercy,McCree
